customer_id,age,gender,city,state,registration_date,purchase_count,total_spend,avg_order_value,last_purchase_date,preferred_channel,engagement_score,loyalty_tier,lifetime_value,days_since_last_purchase,campaign_response
CUST_0,,Non-binary,Chennai,State,2025-08-03,33,19493.878389825375,590.723587570466,2026-07-30,Google Ads,5,Bronze,29240.817584738063,68,responded
CUST_1,,Prefer not to say,Mumbai,State,2025-05-31,28,9936.720154829503,354.88286267248225,2025-06-05,Snapchat,48,Gold,14905.080232244254,488,partial
CUST_2,,Non-binary,Mumbai,State,2025-11-19,8,4503.265733994437,562.9082167493046,2026-06-08,Instagram,8,Silver,6754.898600991655,120,not_responded
CUST_3,,Prefer not to say,Chennai,State,2025-08-10,37,29001.115583056668,783.8139346772073,2026-07-01,YouTube,98,Platinum,43501.673374585,97,partial
CUST_4,,Female,Kolkata,State,2025-06-24,20,19042.904002217845,952.1452001108922,2025-11-24,Influencer,80,Bronze,28564.356003326768,316,partial
CUST_5,105,Female,Delhi,State,2025-06-21,34,15509.116571536857,456.15048739814284,2026-04-26,Google Ads,89,Platinum,23263.674857305286,163,not_responded
CUST_6,137,Non-binary,Mumbai,State,2025-09-08,20,12654.217352331387,632.7108676165693,2025-11-16,Instagram,54,Silver,18981.326028497082,324,not_responded
CUST_7,106,Female,Delhi,State,2025-09-03,26,9272.836732389518,356.6475666303661,2026-05-09,Snapchat,3,Silver,13909.255098584277,150,not_responded
CUST_8,24,Male,,State,2025-04-22,12,5767.5415013326,480.62845844438334,2025-05-30,Influencer,89,Gold,8651.312251998901,494,not_responded
CUST_9,31,Female,,State,2025-02-20,26,12851.118401506092,494.27378467331124,2025-07-24,Facebook,75,Silver,19276.677602259137,439,partial
CUST_10,26,Prefer not to say,,State,2025-09-13,18,1961.6252482445325,108.97918045802959,2026-04-27,YouTube,29,Platinum,2942.4378723667987,162,not_responded
CUST_11,35,Female,,State,2025-07-04,31,28509.738542262956,919.6689852342889,2026-06-26,Google Ads,75,Silver,42764.60781339443,102,responded
CUST_12,33,Non-binary,Chennai,State,2025-07-27,-3,22732.283137936625,841.9364125161713,2026-01-20,Instagram,45,Bronze,34098.42470690494,259,partial
CUST_13,28,Female,Mumbai,State,2025-10-13,-1,4034.7653556055266,192.13168360026316,2026-07-08,Google Ads,90,Gold,6052.14803340829,90,responded
CUST_14,31,Non-binary,Kolkata,State,2025-02-22,38,34194.044585578165,899.8432785678465,2025-02-12,Snapchat,71,Bronze,51291.066878367244,355,not_responded
CUST_15,27,Non-binary,Pune,State,2025-05-16,14,12106.441033618517,864.7457881156084,2025-05-06,Facebook,21,Gold,18159.661550427776,500,partial
CUST_16,29,Non-binary,Bangalore,State,2025-10-06,4,3823.4277837337304,955.8569459334326,2025-09-26,Snapchat,27,Silver,5735.141675600596,259,partial
CUST_17,29,Female,Bangalore,State,2025-07-22,50,47429.41786469589,948.5883572939179,2025-07-12,Google Ads,17,Gold,71144.12679704383,161,responded
CUST_18,32,Female,Kolkata,State,2025-01-03,9,6978.799942726731,775.4222158585258,2024-12-24,Instagram,93,Platinum,10468.199914090097,482,responded
CUST_19,30,Non-binary,Kolkata,State,2025-03-04,18,2609.30194942726,144.96121941262555,2025-10-25,Instagram,28,Silver,3913.95292414089,346,partial
CUST_20,29,Female,Bangalore,State,2025-06-18,42,28075.736164166614,668.4699086706337,2026-01-07,Facebook,74,Platinum,42113.60424624992,272,not_responded
CUST_21,27,Male,Bangalore,State,2025-11-20,31,4150.891658070146,133.89973090548858,2026-11-16,Twitter,20,Platinum,6226.337487105219,-41,not_responded
CUST_22,26,Male,Bangalore,State,2025-04-28,45,6488.528776444374,144.18952836543053,2026-04-07,Facebook,16,Gold,9732.79316466656,182,not_responded
CUST_23,35,Male,Hyderabad,State,2025-08-25,15,5343.41545972466,356.2276973149773,2025-12-16,Facebook,16,Silver,8015.12318958699,294,partial
CUST_24,22,Female,Ahmedabad,State,2025-11-09,50,19038.91885879848,380.7783771759696,2026-09-26,Snapchat,31,Silver,28558.378288197717,10,responded
CUST_25,27,Prefer not to say,Jaipur,State,2025-01-28,27,4168.573172953006,154.3915989982595,2025-03-11,Influencer,92,Silver,6252.85975942951,574,partial
CUST_26,20,Prefer not to say,Bangalore,State,2025-09-18,43,14668.231052600217,341.12165238605155,2026-01-30,Facebook,29,Bronze,22002.346578900324,249,not_responded
CUST_27,27,Female,Lucknow,State,2025-03-05,16,14395.777941426173,899.7361213391358,2025-04-23,Influencer,90,Platinum,21593.66691213926,531,partial
CUST_28,21,Female,Pune,State,2025-02-11,4,2687.1048083251053,671.7762020812763,2025-09-02,YouTube,3,Bronze,4030.657212487658,399,not_responded
CUST_29,31,Prefer not to say,Kolkata,State,2025-03-06,14,6371.241201276863,455.0886572340616,2026-02-17,Instagram,6,Bronze,9556.861801915295,231,responded
CUST_30,18,Prefer not to say,Hyderabad,State,2025-01-09,27,3683.6063122264086,136.4298634157929,2025-09-23,Facebook,61,Gold,5525.409468339612,378,not_responded
CUST_31,34,Female,Bangalore,State,2025-09-25,39,21527.424429563922,551.9852417836903,2026-01-09,YouTube,18,Platinum,32291.136644345883,270,not_responded
CUST_32,24,Prefer not to say,Jaipur,State,2025-07-19,44,29018.412988819902,659.5093861095432,2025-12-27,Snapchat,90,Silver,43527.61948322985,283,partial
CUST_33,23,Female,Delhi,State,2025-05-25,20,15245.84670997157,762.2923354985785,2025-06-15,Instagram,65,Gold,22868.770064957356,478,responded
CUST_34,23,Male,Jaipur,State,2025-06-07,50,24759.421229233918,495.1884245846784,2026-02-28,Twitter,5,Bronze,37139.131843850875,220,responded
CUST_35,29,Non-binary,Ahmedabad,State,2025-10-06,40,9600.541115741391,240.01352789353479,2025-12-28,Influencer,37,Platinum,14400.811673612086,282,not_responded
CUST_36,19,Male,Hyderabad,State,2025-06-25,50,20241.108573703168,404.82217147406334,2026-02-10,Instagram,10,Gold,30361.662860554752,238,partial
CUST_37,24,Female,Jaipur,State,2025-01-30,14,4507.018247453587,321.9298748181133,2025-10-07,Snapchat,94,Platinum,6760.52737118038,364,responded
CUST_38,26,Non-binary,Chennai,State,2025-09-18,32,21075.829704643715,658.6196782701161,2026-06-29,Influencer,33,Silver,31613.744556965572,99,not_responded
CUST_39,34,Female,Chennai,State,2025-06-24,47,41723.61427659967,887.7364739702058,2026-03-27,Instagram,69,Platinum,62585.42141489951,193,responded
CUST_40,31,Female,Delhi,State,2025-06-16,7,4683.734897656283,669.104985379469,2026-05-10,Instagram,34,Platinum,7025.602346484424,149,partial
CUST_41,32,Female,Chennai,State,2025-05-21,10,5490.096238176317,549.0096238176317,2025-09-26,Twitter,66,Platinum,8235.144357264475,375,responded
CUST_42,34,Female,Jaipur,State,2025-03-11,31,22380.585295536355,721.9543643721405,2025-05-01,Twitter,35,Gold,33570.877943304535,523,responded
CUST_43,18,Non-binary,Jaipur,State,2025-11-16,3,308.05141243726223,102.68380414575408,2026-07-29,Instagram,83,Gold,462.07711865589334,69,responded
CUST_44,25,Non-binary,Chennai,State,2025-02-16,8,5504.238693010456,688.029836626307,2025-07-01,Google Ads,8,Platinum,8256.358039515684,462,not_responded
CUST_45,20,Female,Mumbai,State,2025-09-15,14,9799.071159885656,699.9336542775469,2025-09-24,Instagram,72,Platinum,14698.606739828483,377,not_responded
CUST_46,32,Female,Mumbai,State,2025-11-22,6,5183.010785502345,863.8351309170575,2026-05-11,Google Ads,15,Bronze,7774.516178253518,148,responded
CUST_47,28,Non-binary,Bangalore,State,2025-07-10,6,5835.163838790913,972.5273064651523,2025-12-05,YouTube,4,Gold,8752.745758186371,305,partial
CUST_48,23,Prefer not to say,Bangalore,State,2025-11-15,6,4171.780610597509,695.2967684329182,2026-01-20,Twitter,52,Gold,6257.670915896263,259,not_responded
CUST_49,29,Female,Mumbai,State,2025-04-01,17,5584.6569733385395,328.50923372579643,2025-09-27,Facebook,71,Bronze,8376.985460007809,374,partial
CUST_50,25,Non-binary,Delhi,State,2025-09-14,3,530.3780587705645,176.79268625685484,2026-01-22,Facebook,17,Silver,795.5670881558467,257,not_responded
CUST_51,19,Male,Jaipur,State,2025-04-20,44,22099.459194114308,502.26043622987066,2025-10-09,Twitter,71,Silver,33149.18879117146,362,partial
CUST_52,35,Male,Chennai,State,2025-05-20,46,45739.61836537776,994.3395296821253,2025-05-25,Google Ads,8,Silver,68609.42754806664,499,partial
CUST_53,25,Male,Delhi,State,2025-03-28,25,24977.581212921254,999.1032485168502,2026-03-18,Google Ads,20,Bronze,37466.37181938188,202,responded
CUST_54,24,Prefer not to say,Pune,State,2025-08-10,6,1630.5043700388972,271.7507283398162,2026-05-08,Facebook,1,Gold,2445.756555058346,151,not_responded
CUST_55,28,Non-binary,Kolkata,State,2025-07-13,34,16486.423495926305,484.89480870371483,2026-02-16,Google Ads,93,Bronze,24729.635243889457,232,responded
CUST_56,29,Non-binary,Chennai,State,2025-06-14,47,16000.178818178292,340.42933655698494,2026-04-17,Influencer,89,Platinum,24000.26822726744,172,partial
CUST_57,18,Non-binary,Ahmedabad,State,2025-02-12,38,25834.103383791295,679.8448258892446,2025-04-25,Google Ads,74,Bronze,38751.15507568694,529,not_responded
CUST_58,34,Male,Ahmedabad,State,2025-05-26,14,11413.939805473345,815.2814146766675,2025-12-16,Snapchat,51,Bronze,17120.909708210016,294,responded
CUST_59,33,Prefer not to say,Hyderabad,State,2025-07-12,30,9910.108165895426,330.3369388631809,2025-12-15,Snapchat,63,Bronze,14865.162248843139,295,partial
CUST_60,30,Prefer not to say,Chennai,State,2025-03-03,46,45716.93236335992,993.8463557252156,2025-06-13,Facebook,89,Silver,68575.39854503988,480,responded
CUST_61,29,Male,Bangalore,State,2025-07-25,22,9256.293378217993,420.7406081008179,2025-11-25,Snapchat,8,Silver,13884.44006732699,315,responded
CUST_62,18,Non-binary,Chennai,State,2025-10-27,18,17648.270421458845,980.4594678588247,2026-07-11,Facebook,17,Bronze,26472.405632188267,87,responded
CUST_63,34,Prefer not to say,Kolkata,State,2025-09-14,48,10005.380363577053,208.4454242411886,2026-07-10,Facebook,16,Silver,15008.07054536558,88,not_responded
CUST_64,31,Non-binary,Jaipur,State,2025-05-25,5,2986.148179366037,597.2296358732074,2025-11-22,Google Ads,65,Bronze,4479.222269049055,318,not_responded
CUST_65,28,Non-binary,Hyderabad,State,2025-10-30,12,7047.617700514149,587.3014750428457,2026-01-18,YouTube,30,Silver,10571.426550771223,261,not_responded
CUST_66,28,Prefer not to say,Bangalore,State,2025-02-27,30,28514.498030262777,950.483267675426,2025-10-17,Influencer,15,Silver,42771.747045394164,354,partial
CUST_67,33,Female,Hyderabad,State,2025-09-09,19,7321.267262838625,385.329855938875,2025-09-18,Facebook,81,Platinum,10981.900894257938,383,responded
CUST_68,30,Male,Ahmedabad,State,2025-04-19,50,19886.98812318338,397.7397624636676,2025-11-23,Influencer,52,Bronze,29830.482184775068,317,not_responded
CUST_69,30,Female,Pune,State,2025-10-29,50,14720.93447767566,294.4186895535132,2026-05-26,Google Ads,12,Platinum,22081.40171651349,133,responded
CUST_70,34,Non-binary,Bangalore,State,2025-09-18,14,9777.651200370696,698.4036571693354,2025-10-29,Twitter,62,Platinum,14666.476800556044,342,partial
CUST_71,26,Prefer not to say,Chennai,State,2025-10-30,30,17366.425396218165,578.8808465406055,2026-08-23,YouTube,55,Gold,26049.638094327245,44,responded
CUST_72,31,Female,Chennai,State,2025-07-17,37,3810.3987038591054,102.9837487529488,2025-08-23,YouTube,26,Gold,5715.598055788658,409,partial
CUST_73,21,Non-binary,Lucknow,State,2025-05-09,37,20124.805402928585,543.9136595386104,2025-11-16,Google Ads,83,Silver,30187.208104392877,324,not_responded
CUST_74,27,Prefer not to say,Hyderabad,State,2025-04-03,20,18738.943744571465,936.9471872285733,2025-09-10,Influencer,72,Silver,28108.415616857197,391,not_responded
CUST_75,22,Non-binary,Mumbai,State,2025-11-16,25,7128.171343389792,285.1268537355917,2026-07-25,Twitter,98,Platinum,10692.257015084688,73,responded
CUST_76,34,Non-binary,Bangalore,State,2025-06-08,34,25505.652243344044,750.1662424512954,2025-11-14,Twitter,77,Platinum,38258.47836501607,326,not_responded
CUST_77,21,Male,Lucknow,State,2025-05-20,12,7736.220758857533,644.6850632381278,2026-04-21,Snapchat,50,Bronze,11604.3311382863,168,partial
CUST_78,28,Female,Hyderabad,State,2025-03-18,21,18007.456496406634,857.4979284003159,2025-11-15,Instagram,23,Bronze,27011.18474460995,325,not_responded
CUST_79,23,Prefer not to say,Hyderabad,State,2025-02-27,13,12281.760207159037,944.7507851660798,2025-12-29,Influencer,75,Platinum,18422.640310738556,281,not_responded
CUST_80,19,Female,Hyderabad,State,2025-11-25,25,15183.862067720496,607.3544827088199,2026-10-29,Google Ads,1,Bronze,22775.793101580744,-23,responded
CUST_81,24,Male,Jaipur,State,2025-06-16,36,17748.308264943254,493.0085629150904,2025-12-16,Facebook,70,Platinum,26622.46239741488,294,partial
CUST_82,22,Male,Ahmedabad,State,2025-01-13,38,4096.247306459266,107.79598174892806,2025-03-02,Twitter,99,Platinum,6144.370959688898,583,responded
CUST_83,32,Prefer not to say,Pune,State,2025-09-28,24,10810.281135632176,450.42838065134066,2026-02-17,Influencer,3,Silver,16215.421703448264,231,partial
CUST_84,22,Prefer not to say,Chennai,State,2025-01-15,49,19798.360665177195,404.04817684035095,2025-10-05,YouTube,17,Gold,29697.54099776579,366,responded
CUST_85,34,Non-binary,Pune,State,2025-02-22,44,7773.3058585640865,176.66604224009288,2025-07-24,Twitter,47,Platinum,11659.95878784613,439,partial
CUST_86,30,Male,Bangalore,State,2025-08-10,7,1794.9141039607898,256.4163005658271,2026-05-31,Facebook,70,Silver,2692.371155941185,128,partial
CUST_87,35,Male,Bangalore,State,2025-01-20,12,5039.1618688686085,419.9301557390507,2025-06-23,Snapchat,84,Bronze,7558.742803302913,470,responded
CUST_88,20,Non-binary,Hyderabad,State,2025-02-28,4,2168.1088429046476,542.0272107261619,2025-11-27,Google Ads,79,Gold,3252.1632643569715,313,not_responded
CUST_89,19,Female,Kolkata,State,2025-03-04,41,21578.70571139736,526.3098953999356,2025-04-25,Facebook,64,Platinum,32368.058567096043,529,not_responded
CUST_90,31,Male,Hyderabad,State,2025-09-13,7,786.5556073146217,112.36508675923167,2026-08-02,Google Ads,84,Gold,1179.8334109719326,65,responded
CUST_91,20,Non-binary,Kolkata,State,2025-09-07,2,1312.081033451715,656.0405167258575,2026-05-01,Influencer,58,Silver,1968.1215501775725,158,responded
CUST_92,35,Male,Delhi,State,2025-07-18,30,5370.265770153751,179.00885900512503,2025-09-10,Influencer,86,Platinum,8055.398655230627,391,not_responded
CUST_93,31,Male,Pune,State,2025-11-30,25,15628.198312408696,625.1279324963479,2026-09-18,Facebook,11,Bronze,23442.297468613044,18,partial
CUST_94,23,Non-binary,Kolkata,State,2025-05-08,32,9241.151760958717,288.7859925299599,2026-02-26,Instagram,70,Gold,13861.727641438076,222,not_responded
CUST_95,24,Non-binary,Bangalore,State,2025-01-25,33,22037.633374247525,667.8070719468947,2025-03-12,YouTube,96,Gold,33056.45006137129,573,responded
CUST_96,24,Male,Pune,State,2025-07-04,26,10322.864705180322,397.0332578915508,2026-03-07,Influencer,67,Platinum,15484.297057770484,213,not_responded
CUST_97,18,Non-binary,Delhi,State,2025-11-16,6,5126.232073212967,854.3720122021613,2026-06-22,Influencer,98,Gold,7689.348109819452,106,partial
CUST_98,29,Non-binary,Lucknow,State,2025-02-03,50,26848.287879823754,536.9657575964751,2025-08-16,Twitter,8,Bronze,40272.43181973563,416,partial
CUST_99,30,Non-binary,Jaipur,State,2025-09-05,23,3899.7297373761226,169.55346684244012,2025-10-20,Snapchat,96,Gold,5849.594606064184,351,partial
CUST_100,22,Prefer not to say,Ahmedabad,State,2025-02-26,27,23737.194107948075,879.1553373314101,2025-10-31,Twitter,49,Platinum,35605.79116192211,340,partial
CUST_101,25,Male,Hyderabad,State,2025-02-08,13,4267.297167235556,328.25362824888896,2025-11-27,Facebook,55,Gold,6400.945750853334,313,responded
CUST_102,25,Non-binary,Pune,State,2025-09-04,14,6927.06975946161,494.79069710440075,2026-05-12,Influencer,83,Platinum,10390.604639192416,147,not_responded
CUST_103,35,Non-binary,Delhi,State,2025-04-08,29,25593.815050920755,882.5453465834743,2025-04-29,Facebook,92,Bronze,38390.72257638113,525,responded
CUST_104,25,Non-binary,Mumbai,State,2025-05-23,27,6431.274613528712,238.19535605661895,2025-12-19,Facebook,45,Bronze,9646.911920293067,291,partial
CUST_105,29,Female,Pune,State,2025-09-22,10,1633.6959804545932,163.36959804545933,2026-05-28,YouTube,28,Silver,2450.5439706818897,131,responded
CUST_106,35,Non-binary,Ahmedabad,State,2025-04-14,4,3969.3980452750425,992.3495113187606,2026-02-07,Facebook,57,Bronze,5954.097067912564,241,not_responded
CUST_107,24,Female,Bangalore,State,2025-01-01,6,5733.92030479075,955.6533841317918,2025-10-04,Snapchat,47,Platinum,8600.880457186126,367,partial
CUST_108,20,Non-binary,Pune,State,2025-04-23,7,4125.730585074126,589.390083582018,2025-11-17,YouTube,71,Silver,6188.595877611189,323,not_responded
CUST_109,22,Prefer not to say,Hyderabad,State,2025-08-20,23,14066.977105265563,611.6077002289376,2025-12-24,Twitter,84,Platinum,21100.465657898345,286,not_responded
CUST_110,33,Non-binary,Lucknow,State,2025-03-05,45,4653.425578770041,103.40945730600092,2026-01-29,Facebook,10,Gold,6980.1383681550615,250,partial
CUST_111,23,Male,Chennai,State,2025-10-26,6,1728.972029574325,288.16200492905415,2026-01-11,Google Ads,26,Bronze,2593.4580443614877,268,responded
CUST_112,32,Female,Delhi,State,2025-02-07,32,18893.183381250663,590.4119806640832,2025-10-14,Facebook,40,Gold,28339.775071875993,357,partial
CUST_113,31,Female,Bangalore,State,2025-09-06,5,4537.487051288752,907.4974102577504,2026-04-23,Twitter,24,Platinum,6806.230576933128,166,not_responded
CUST_114,33,Prefer not to say,Pune,State,2025-09-17,43,11924.162469113697,277.3061039328767,2025-12-13,Influencer,23,Gold,17886.243703670545,297,not_responded
CUST_115,35,Prefer not to say,Bangalore,State,2025-06-09,37,19330.289958742098,522.4402691551918,2025-10-26,Twitter,42,Silver,28995.434938113147,345,responded
CUST_116,20,Prefer not to say,Kolkata,State,2025-09-03,15,11716.53883427385,781.10258895159,2026-04-09,Facebook,30,Platinum,17574.808251410774,180,responded
CUST_117,34,Male,Chennai,State,2025-07-13,36,32481.127789020597,902.2535496950165,2025-08-12,Snapchat,66,Bronze,48721.691683530895,420,not_responded
CUST_118,21,Male,Lucknow,State,2025-11-23,49,19795.353352934948,403.9868031211214,2025-11-27,Facebook,84,Bronze,29693.03002940242,313,partial
CUST_119,34,Male,Hyderabad,State,2025-10-06,10,2136.7116550678625,213.67116550678625,2025-11-23,YouTube,65,Silver,3205.067482601794,317,not_responded
CUST_120,20,Female,Pune,State,2025-05-13,29,15068.830014445957,519.6148280843433,2025-10-08,Facebook,8,Platinum,22603.245021668936,363,not_responded
CUST_121,29,Female,Mumbai,State,2025-04-15,45,23631.261175899897,525.1391372422199,2025-12-19,Instagram,8,Gold,35446.891763849846,291,partial
CUST_122,19,Non-binary,Chennai,State,2025-01-26,38,22997.30875045129,605.1923355381919,2025-03-14,Instagram,43,Platinum,34495.963125676935,571,responded
CUST_123,27,Prefer not to say,Jaipur,State,2025-08-13,42,28717.60781593771,683.7525670461359,2026-05-31,YouTube,18,Silver,43076.41172390657,128,partial
CUST_124,26,Prefer not to say,Bangalore,State,2025-08-07,25,13724.83853275595,548.993541310238,2026-05-20,Instagram,78,Gold,20587.257799133924,139,not_responded
CUST_125,21,Male,Jaipur,State,2025-07-31,35,24464.442471491304,698.9840706140373,2025-12-01,Twitter,28,Silver,36696.663707236956,309,partial
CUST_126,21,Non-binary,Delhi,State,2025-07-07,22,13711.05691374759,623.2298597157995,2026-03-20,Google Ads,71,Silver,20566.585370621386,200,partial
CUST_127,35,Male,Hyderabad,State,2025-10-08,40,33765.88227137158,844.1470567842895,2026-01-31,Facebook,17,Platinum,50648.82340705737,248,not_responded
CUST_128,26,Non-binary,Kolkata,State,2025-11-04,17,9573.653485929248,563.1560874076029,2026-01-31,Facebook,45,Bronze,14360.480228893872,248,partial
CUST_129,22,Prefer not to say,Bangalore,State,2025-06-30,41,40898.55910041367,997.5258317174066,2025-11-09,Facebook,10,Platinum,61347.83865062051,331,not_responded
CUST_130,30,Male,Delhi,State,2025-02-14,8,5268.917355851402,658.6146694814253,2025-08-14,Snapchat,80,Gold,7903.376033777104,418,responded
CUST_131,20,Prefer not to say,Ahmedabad,State,2025-05-28,4,1322.4066296948636,330.6016574237159,2025-06-09,Twitter,81,Bronze,1983.6099445422954,484,partial
CUST_132,32,Prefer not to say,Jaipur,State,2025-11-03,5,4860.748091658118,972.1496183316236,2026-08-19,Google Ads,76,Silver,7291.122137487177,48,not_responded
CUST_133,26,Male,Lucknow,State,2025-01-29,48,24933.89868920026,519.4562226916721,2025-04-15,Instagram,10,Gold,37400.848033800394,539,not_responded
CUST_134,26,Female,Pune,State,2025-09-16,11,7996.322191365948,726.938381033268,2026-07-31,Influencer,38,Silver,11994.483287048923,67,responded
CUST_135,18,Male,Ahmedabad,State,2025-06-17,21,9505.57243910579,452.64630662408524,2026-01-23,Facebook,89,Platinum,14258.358658658686,256,not_responded
CUST_136,21,Non-binary,Kolkata,State,2025-02-13,16,5233.427719818805,327.0892324886753,2025-09-11,Google Ads,58,Bronze,7850.141579728207,390,not_responded
CUST_137,35,Non-binary,Kolkata,State,2025-09-23,18,3429.066096459024,190.50367202550132,2026-04-23,Google Ads,79,Silver,5143.5991446885355,166,responded
CUST_138,18,Male,Hyderabad,State,2025-10-07,22,9325.640697828616,423.8927589922098,2026-04-27,YouTube,27,Platinum,13988.461046742923,162,responded
CUST_139,32,Female,Ahmedabad,State,2025-01-11,43,20932.584828911946,486.80429834678944,2025-02-27,Snapchat,87,Gold,31398.87724336792,586,not_responded
CUST_140,18,Prefer not to say,Mumbai,State,2025-11-17,45,24034.579934837937,534.1017763297319,2026-09-30,Twitter,71,Silver,36051.869902256905,6,partial
CUST_141,27,Female,Jaipur,State,2025-07-13,41,21096.53963696515,514.5497472430525,2026-02-07,Twitter,99,Platinum,31644.809455447725,241,responded
CUST_142,26,Non-binary,Mumbai,State,2025-11-16,35,33802.34016146297,965.7811474703706,2026-02-10,Instagram,84,Gold,50703.510242194454,238,responded
CUST_143,25,Non-binary,Chennai,State,2025-04-20,41,40498.218644026776,987.7614303421165,2025-09-15,Instagram,85,Silver,60747.32796604016,386,partial
CUST_144,32,Female,Kolkata,State,2025-04-02,32,31315.57131037615,978.6116034492547,2025-04-26,Facebook,97,Bronze,46973.35696556423,528,partial
CUST_145,19,Non-binary,Chennai,State,2025-04-25,17,2310.3421591850315,135.90247995206067,2025-11-21,YouTube,61,Silver,3465.5132387775475,319,not_responded
CUST_146,26,Male,Pune,State,2025-01-25,27,18475.884457210253,684.2920169337131,2025-04-06,Snapchat,34,Silver,27713.82668581538,548,partial
CUST_147,23,Prefer not to say,Chennai,State,2025-07-07,45,5584.51395349419,124.10031007764867,2025-11-26,Instagram,67,Gold,8376.770930241284,314,partial
CUST_148,25,Male,Ahmedabad,State,2025-06-03,3,893.319987792883,297.7733292642943,2026-02-22,Twitter,64,Gold,1339.9799816893246,226,partial
CUST_149,20,Non-binary,Ahmedabad,State,2025-05-04,46,13416.468540492757,291.6623595759295,2026-03-15,Google Ads,19,Bronze,20124.702810739134,205,responded
CUST_150,29,Prefer not to say,Lucknow,State,2025-03-31,6,3704.65355328278,617.4422588804633,2025-09-06,Google Ads,10,Bronze,5556.98032992417,395,not_responded
CUST_151,26,Male,Lucknow,State,2025-04-25,15,12009.435484451928,800.6290322967951,2026-03-26,Facebook,39,Platinum,18014.153226677892,194,responded
CUST_152,25,Male,Chennai,State,2025-09-24,1,360.502055247502,360.502055247502,2026-06-26,Twitter,66,Silver,540.753082871253,102,responded
CUST_153,25,Male,Lucknow,State,2025-04-28,39,21781.510437051063,558.5002676166939,2025-08-03,Twitter,39,Bronze,32672.265655576593,429,partial
CUST_154,18,Female,Lucknow,State,2025-03-25,10,4131.968963528364,413.1968963528364,2026-01-23,Google Ads,38,Platinum,6197.953445292545,256,responded
CUST_155,27,Non-binary,Chennai,State,2025-03-03,6,3433.297098986163,572.2161831643605,2025-07-10,Facebook,62,Platinum,5149.9456484792445,453,responded
CUST_156,25,Prefer not to say,Ahmedabad,State,2025-05-02,15,7722.21589473862,514.8143929825746,2025-07-04,Google Ads,32,Bronze,11583.32384210793,459,responded
CUST_157,29,Female,Lucknow,State,2025-05-16,20,14283.011358377265,714.1505679188633,2025-12-04,YouTube,32,Silver,21424.5170375659,306,responded
CUST_158,19,Non-binary,Bangalore,State,2025-03-26,10,1822.1976085965316,182.21976085965315,2025-07-18,Twitter,44,Silver,2733.2964128947974,445,partial
CUST_159,27,Non-binary,Ahmedabad,State,2025-06-24,37,29290.371092730624,791.6316511548818,2026-05-29,Twitter,34,Gold,43935.556639095936,130,partial
CUST_160,28,Prefer not to say,Ahmedabad,State,2025-01-22,39,8585.934638944209,220.15217022933868,2025-09-06,Google Ads,53,Bronze,12878.901958416314,395,not_responded
CUST_161,30,Male,Jaipur,State,2025-03-18,39,25838.62122112747,662.5287492596786,2025-11-04,Influencer,89,Bronze,38757.9318316912,336,partial
CUST_162,33,Non-binary,Hyderabad,State,2025-11-22,27,19576.659972897844,725.061480477698,2026-04-28,Facebook,81,Bronze,29364.989959346763,161,not_responded
CUST_163,35,Non-binary,Mumbai,State,2025-05-16,16,4352.518717583015,272.03241984893845,2025-11-16,Instagram,95,Bronze,6528.778076374523,324,partial
CUST_164,23,Male,Ahmedabad,State,2025-02-19,15,2048.120810053751,136.54138733691673,2025-06-07,Facebook,32,Gold,3072.1812150806263,486,not_responded
CUST_165,25,Female,Chennai,State,2025-02-23,27,18796.92642957381,696.1824603545856,2026-01-11,Influencer,78,Gold,28195.389644360715,268,responded
CUST_166,32,Non-binary,Delhi,State,2025-04-20,15,4235.236040014154,282.349069334277,2025-07-13,Facebook,33,Bronze,6352.854060021231,450,responded
CUST_167,29,Non-binary,Pune,State,2025-11-02,46,33662.944369970726,731.8031384776244,2026-02-14,Influencer,25,Platinum,50494.416554956086,234,responded
CUST_168,26,Female,Hyderabad,State,2025-04-30,37,8212.750491379149,221.96622949673375,2025-11-21,Google Ads,41,Platinum,12319.125737068724,319,not_responded
CUST_169,25,Non-binary,Jaipur,State,2025-11-28,22,4790.683395542336,217.75833616101528,2026-01-21,Snapchat,22,Silver,7186.025093313505,258,not_responded
CUST_170,22,Male,Mumbai,State,2025-04-21,33,8968.94165812944,271.7861108524073,2025-07-28,Facebook,72,Bronze,13453.41248719416,435,partial
CUST_171,29,Prefer not to say,Mumbai,State,2025-04-14,34,6816.184030249028,200.4760008896773,2025-10-10,YouTube,48,Gold,10224.276045373543,361,partial
CUST_172,26,Female,Jaipur,State,2025-11-08,17,14852.690859716166,873.6876976303627,2026-10-26,Instagram,69,Bronze,22279.036289574247,-20,partial
CUST_173,30,Female,Hyderabad,State,2025-06-12,37,19341.090467084738,522.732174786074,2026-02-16,Snapchat,91,Bronze,29011.635700627106,232,partial
CUST_174,28,Female,Delhi,State,2025-04-02,35,23233.017925516175,663.800512157605,2025-07-16,Google Ads,35,Silver,34849.52688827426,447,not_responded
CUST_175,27,Male,Bangalore,State,2025-01-03,2,1011.6909122301486,505.8454561150743,2025-09-22,Facebook,52,Platinum,1517.5363683452229,379,partial
CUST_176,18,Prefer not to say,Lucknow,State,2025-06-21,12,10547.417036150426,878.9514196792021,2026-05-16,Twitter,9,Platinum,15821.125554225639,143,not_responded
CUST_177,30,Prefer not to say,Bangalore,State,2025-09-15,38,8735.27566514457,229.87567539854135,2026-03-16,Twitter,97,Platinum,13102.913497716856,204,responded
CUST_178,18,Prefer not to say,Bangalore,State,2025-04-18,14,5801.167839313995,414.36913137957106,2025-06-30,Google Ads,33,Silver,8701.751758970991,463,not_responded
CUST_179,25,Female,Chennai,State,2025-10-20,31,23510.56757821218,758.40540574878,2026-09-12,Snapchat,60,Silver,35265.85136731827,24,responded
CUST_180,27,Prefer not to say,Bangalore,State,2025-04-11,44,41019.76115157862,932.2672988995141,2025-07-10,Google Ads,49,Bronze,61529.641727367925,453,partial
CUST_181,22,Non-binary,Delhi,State,2025-02-09,1,668.3086196831173,668.3086196831173,2026-01-14,YouTube,59,Bronze,1002.4629295246759,265,not_responded
CUST_182,26,Female,Bangalore,State,2025-08-03,28,10058.458612415665,359.23066472913086,2025-10-06,Google Ads,92,Silver,15087.687918623498,365,not_responded
CUST_183,27,Prefer not to say,Delhi,State,2025-07-23,12,3628.908679584438,302.4090566320365,2025-11-20,Google Ads,100,Gold,5443.363019376657,320,partial
CUST_184,29,Prefer not to say,Kolkata,State,2025-07-08,41,20975.272395785392,511.5920096533022,2026-03-10,Instagram,5,Silver,31462.90859367809,210,responded
CUST_185,18,Female,Lucknow,State,2025-09-10,8,3107.625070450801,388.45313380635014,2025-10-20,Google Ads,88,Silver,4661.437605676201,351,responded
CUST_186,26,Female,Lucknow,State,2025-06-24,18,8268.38245087942,459.35458060441226,2025-11-05,Google Ads,52,Silver,12402.57367631913,335,partial
CUST_187,26,Male,Mumbai,State,2025-03-01,47,35476.80989253001,754.8257423942555,2025-06-08,Twitter,99,Platinum,53215.214838795015,485,not_responded
CUST_188,19,Prefer not to say,Lucknow,State,2025-01-01,18,7923.086115894192,440.17145088301066,2025-03-27,Google Ads,33,Bronze,11884.629173841287,558,partial
CUST_189,21,Female,Mumbai,State,2025-07-21,18,14155.54688984896,786.4192716582755,2025-10-27,Google Ads,96,Platinum,21233.320334773438,344,not_responded
CUST_190,33,Male,Bangalore,State,2025-11-25,27,14733.134360290662,545.6716429737282,2026-10-22,Instagram,75,Platinum,22099.70154043599,-16,responded
CUST_191,20,Prefer not to say,Lucknow,State,2025-07-03,19,7138.326896178887,375.70141558836247,2026-03-28,YouTube,56,Silver,10707.490344268332,192,responded
CUST_192,25,Prefer not to say,Mumbai,State,2025-10-28,33,32035.559503428023,970.7745304069098,2025-11-23,Twitter,46,Platinum,48053.33925514203,317,not_responded
CUST_193,23,Non-binary,Kolkata,State,2025-01-23,42,20887.065633879396,497.311086520938,2025-02-18,Facebook,2,Bronze,31330.598450819096,595,responded
CUST_194,30,Male,Hyderabad,State,2025-01-09,13,4839.029454255239,372.23303494271073,2025-07-08,Twitter,6,Bronze,7258.544181382858,455,not_responded
CUST_195,23,Non-binary,Ahmedabad,State,2025-08-08,35,26009.782527149822,743.136643632852,2025-08-31,Snapchat,43,Gold,39014.67379072473,401,responded
CUST_196,20,Prefer not to say,Mumbai,State,2025-11-21,48,18103.849285402917,377.1635267792274,2026-02-14,Twitter,28,Silver,27155.773928104376,234,not_responded
CUST_197,35,Male,Chennai,State,2025-08-30,50,10092.051579662566,201.84103159325133,2025-12-20,Google Ads,86,Silver,15138.077369493849,290,responded
CUST_198,25,Male,Mumbai,State,2025-02-13,14,13819.746451753792,987.1247465538423,2026-01-20,Facebook,3,Gold,20729.61967763069,259,partial
CUST_199,22,Non-binary,Lucknow,State,2025-10-09,14,11426.807493499238,816.2005352499456,2026-06-06,Facebook,45,Gold,17140.211240248856,122,not_responded
CUST_200,28,Male,Pune,State,2025-09-05,45,23724.913259850917,527.2202946633537,2026-02-20,Snapchat,89,Platinum,35587.369889776375,228,partial
CUST_201,25,Prefer not to say,Pune,State,2025-09-22,22,21246.189729032965,965.7358967742257,2026-04-05,YouTube,53,Platinum,31869.284593549448,184,not_responded
CUST_202,25,Male,Kolkata,State,2025-08-11,4,2349.0376099201585,587.2594024800396,2025-09-21,Google Ads,17,Gold,3523.5564148802378,380,responded
CUST_203,35,Male,Mumbai,State,2025-02-16,27,17845.37805427656,660.9399279361688,2025-05-01,Instagram,35,Silver,26768.06708141484,523,responded
CUST_204,25,Female,Hyderabad,State,2025-08-16,43,28733.52130032359,668.2214255889207,2026-07-28,Instagram,1,Platinum,43100.28195048538,70,not_responded
CUST_205,19,Non-binary,Jaipur,State,2025-08-11,43,41436.53026772217,963.6402387842365,2026-01-02,Twitter,82,Bronze,62154.79540158325,277,responded
CUST_206,33,Male,Jaipur,State,2025-03-21,14,7066.868652596324,504.77633232830885,2025-06-03,Twitter,25,Platinum,10600.302978894486,490,partial
CUST_207,24,Prefer not to say,Mumbai,State,2025-11-11,28,8666.35390012281,309.5126392901003,2026-11-08,YouTube,47,Platinum,12999.530850184214,-33,responded
CUST_208,30,Male,Chennai,State,2025-02-05,31,19154.65265560519,617.8920211485545,2026-01-29,Snapchat,21,Platinum,28731.978983407786,250,partial
CUST_209,25,Male,Bangalore,State,2025-04-12,26,22885.91838894096,880.2276303438831,2025-07-12,YouTube,70,Silver,34328.87758341144,451,responded
CUST_210,28,Prefer not to say,Bangalore,State,2025-07-11,39,34263.84578847576,878.5601484224553,2026-05-14,Twitter,50,Gold,51395.768682713635,145,not_responded
CUST_211,29,Non-binary,Mumbai,State,2025-06-28,33,6589.33933551016,199.67694956091393,2026-03-04,Google Ads,43,Gold,9884.00900326524,216,not_responded
CUST_212,21,Prefer not to say,Pune,State,2025-02-28,12,8079.593843467776,673.299486955648,2025-05-28,Influencer,10,Platinum,12119.390765201664,496,partial
CUST_213,19,Female,Mumbai,State,2025-08-29,22,17164.453071486358,780.202412340289,2026-05-21,Facebook,72,Bronze,25746.679607229536,138,partial
CUST_214,28,Prefer not to say,Chennai,State,2025-05-20,15,4303.800812816093,286.92005418773954,2025-12-23,Twitter,3,Platinum,6455.701219224139,287,not_responded
CUST_215,29,Female,Mumbai,State,2025-11-02,22,15878.83797277089,721.7653623986769,2026-02-02,Snapchat,35,Silver,23818.256959156337,246,responded
CUST_216,22,Male,Chennai,State,2025-06-26,29,23730.29434594921,818.2860119292831,2025-11-19,Instagram,69,Gold,35595.44151892381,321,partial
CUST_217,20,Female,Pune,State,2025-09-08,34,33395.785202237865,982.2289765364078,2026-09-07,Google Ads,86,Silver,50093.6778033568,29,not_responded
CUST_218,35,Prefer not to say,Ahmedabad,State,2025-08-17,6,1257.7702129987645,209.6283688331274,2026-03-18,Facebook,79,Silver,1886.6553194981466,202,responded
CUST_219,20,Prefer not to say,Jaipur,State,2025-09-09,1,848.5030279474652,848.5030279474652,2026-08-23,Twitter,49,Bronze,1272.7545419211979,44,not_responded
CUST_220,30,Male,Jaipur,State,2025-07-27,24,3197.830771254691,133.2429488022788,2026-01-09,YouTube,32,Gold,4796.746156882036,270,responded
CUST_221,26,Female,Hyderabad,State,2025-11-19,37,5483.643010199159,148.2065678432205,2026-07-11,Instagram,95,Silver,8225.46451529874,87,not_responded
CUST_222,26,Male,Lucknow,State,2025-03-29,38,34262.47507835352,901.6440810093031,2025-07-25,Instagram,71,Silver,51393.712617530284,438,partial
CUST_223,21,Non-binary,Pune,State,2025-10-27,15,9205.314893305118,613.6876595536745,2026-05-29,Instagram,16,Platinum,13807.972339957676,130,responded
CUST_224,32,Non-binary,Chennai,State,2025-07-05,19,2531.3880763145626,133.23095138497698,2026-02-24,Influencer,90,Bronze,3797.082114471844,224,responded
CUST_225,30,Female,Mumbai,State,2025-06-18,30,11185.648174987888,372.8549391662629,2026-01-31,Influencer,9,Bronze,16778.47226248183,248,partial
CUST_226,32,Prefer not to say,Pune,State,2025-10-30,49,39704.27974260707,810.2914233185116,2026-05-14,YouTube,67,Gold,59556.419613910606,145,not_responded
CUST_227,31,Female,Lucknow,State,2025-05-06,42,38557.36841769122,918.0325813736005,2025-08-01,Snapchat,9,Bronze,57836.05262653683,431,not_responded
CUST_228,27,Prefer not to say,Ahmedabad,State,2025-08-17,15,5889.008994828816,392.60059965525437,2026-08-17,YouTube,93,Platinum,8833.513492243224,50,not_responded
CUST_229,29,Non-binary,Delhi,State,2025-05-24,49,45056.80431068247,919.5266185853566,2025-06-27,Instagram,29,Bronze,67585.20646602371,466,partial
CUST_230,28,Male,Hyderabad,State,2025-07-02,37,3919.0409709417804,105.92002624166975,2026-05-05,Influencer,46,Silver,5878.561456412671,154,partial
CUST_231,26,Prefer not to say,Ahmedabad,State,2025-01-02,41,20423.201681476206,498.12687027990745,2025-06-17,Twitter,25,Platinum,30634.80252221431,476,partial
CUST_232,31,Male,Delhi,State,2025-08-23,30,4498.947929108356,149.96493097027854,2026-04-08,Snapchat,63,Silver,6748.421893662535,181,partial
CUST_233,30,Male,Delhi,State,2025-07-16,41,32078.228536344886,782.3958179596314,2026-06-22,Snapchat,69,Platinum,48117.34280451733,106,partial
CUST_234,23,Non-binary,Jaipur,State,2025-03-17,12,5391.192202688562,449.2660168907135,2025-10-11,Snapchat,72,Bronze,8086.788304032843,360,partial
CUST_235,20,Non-binary,Hyderabad,State,2025-04-03,46,39604.184764139,860.9605383508477,2025-08-14,Snapchat,92,Gold,59406.27714620849,418,partial
CUST_236,34,Non-binary,Ahmedabad,State,2025-05-31,26,6058.257946850199,233.00992103269996,2025-10-28,Instagram,9,Silver,9087.386920275298,343,partial
CUST_237,25,Prefer not to say,Lucknow,State,2025-04-10,49,48808.207569812985,996.0858687716935,2025-06-10,Influencer,39,Gold,73212.31135471948,483,not_responded
CUST_238,22,Female,Ahmedabad,State,2025-10-15,16,6562.108463821781,410.1317789888613,2026-04-14,Instagram,83,Silver,9843.162695732672,175,responded
CUST_239,29,Prefer not to say,Hyderabad,State,2025-07-29,2,1960.0442326602765,980.0221163301383,2026-01-26,Google Ads,42,Gold,2940.0663489904146,253,responded
CUST_240,31,Non-binary,Pune,State,2025-07-03,37,32512.492940925327,878.7160254304142,2026-02-28,Twitter,36,Silver,48768.73941138799,220,not_responded
CUST_241,22,Female,Hyderabad,State,2025-02-23,40,5482.630532667583,137.06576331668958,2025-03-18,Twitter,75,Silver,8223.945799001374,567,not_responded
CUST_242,32,Male,Bangalore,State,2025-02-27,22,20375.74975742295,926.1704435192249,2025-12-16,Twitter,4,Gold,30563.624636134424,294,partial
CUST_243,27,Prefer not to say,Kolkata,State,2025-11-04,13,9790.333525588785,753.102578891445,2026-04-30,Facebook,30,Silver,14685.500288383177,159,not_responded
CUST_244,26,Non-binary,Mumbai,State,2025-07-03,7,2796.662730310283,399.5232471871833,2026-06-27,Facebook,33,Platinum,4194.994095465425,101,partial
CUST_245,27,Non-binary,Hyderabad,State,2025-04-18,8,3757.9231247641424,469.7403905955178,2026-01-14,Facebook,41,Bronze,5636.884687146214,265,partial
CUST_246,25,Prefer not to say,Mumbai,State,2025-08-27,43,34398.061652842036,799.9549221591171,2026-06-22,Facebook,97,Bronze,51597.092479263054,106,not_responded
CUST_247,34,Male,Ahmedabad,State,2025-03-09,33,12830.277949394509,388.7963014968033,2025-09-02,Facebook,16,Platinum,19245.41692409176,399,responded
CUST_248,31,Female,Kolkata,State,2025-05-23,17,6202.119844735953,364.8305791021149,2026-03-30,Facebook,70,Bronze,9303.17976710393,190,not_responded
CUST_249,19,Non-binary,Chennai,State,2025-07-30,26,14138.128462048062,543.7741716172332,2025-10-18,Facebook,75,Silver,21207.192693072095,353,partial
CUST_250,21,Prefer not to say,Pune,State,2025-03-17,15,4054.4281966992326,270.29521311328216,2025-11-06,Twitter,54,Bronze,6081.642295048849,334,partial
CUST_251,30,Female,Delhi,State,2025-05-24,13,2784.7886870637135,214.2145143895164,2025-12-23,Influencer,69,Bronze,4177.18303059557,287,responded
CUST_252,35,Prefer not to say,Hyderabad,State,2025-11-04,23,5194.822189473292,225.86183432492575,2026-08-06,Google Ads,15,Platinum,7792.233284209939,61,responded
CUST_253,33,Female,Hyderabad,State,2025-09-16,41,23352.568470798673,569.5748407511871,2026-08-08,Google Ads,16,Gold,35028.85270619801,59,partial
CUST_254,24,Female,Chennai,State,2025-02-22,5,2414.321877255673,482.8643754511346,2025-09-19,Instagram,86,Silver,3621.4828158835094,382,partial
CUST_255,26,Female,Kolkata,State,2025-05-19,39,29178.892446484217,748.1767293970312,2025-09-25,Google Ads,62,Bronze,43768.33866972633,376,not_responded
CUST_256,35,Female,Ahmedabad,State,2025-10-15,31,13305.03884637538,429.19480149598,2025-11-29,Influencer,94,Platinum,19957.558269563073,311,not_responded
CUST_257,26,Non-binary,Delhi,State,2025-08-12,34,22602.60087597835,664.7823787052456,2026-08-11,Twitter,55,Silver,33903.90131396752,56,responded
CUST_258,27,Male,Pune,State,2025-05-17,33,3532.601753865486,107.04853799592382,2025-07-11,Twitter,10,Silver,5298.902630798229,452,responded
CUST_259,21,Male,Chennai,State,2025-01-25,49,25408.428495635995,518.5393570537958,2025-01-31,Instagram,66,Gold,38112.642743453995,613,partial
CUST_260,20,Prefer not to say,Delhi,State,2025-09-11,30,19692.265231634807,656.4088410544936,2025-11-27,Google Ads,14,Silver,29538.39784745221,313,responded
CUST_261,19,Non-binary,Jaipur,State,2025-09-27,20,17239.259609058518,861.9629804529259,2026-06-10,Google Ads,72,Gold,25858.889413587778,118,partial
CUST_262,21,Male,Kolkata,State,2025-02-17,12,11388.503145232467,949.0419287693722,2025-05-18,Instagram,81,Bronze,17082.7547178487,506,partial
CUST_263,18,Non-binary,Chennai,State,2025-06-01,2,1923.2995487149478,961.6497743574739,2025-12-05,YouTube,87,Platinum,2884.949323072422,305,not_responded
CUST_264,33,Prefer not to say,Mumbai,State,2025-10-10,48,34446.401791648655,717.633370659347,2026-04-16,Facebook,80,Bronze,51669.60268747299,173,responded
CUST_265,20,Non-binary,Hyderabad,State,2025-02-19,13,10642.5131285262,818.654856040477,2026-02-02,Google Ads,6,Silver,15963.7696927893,246,responded
CUST_266,21,Prefer not to say,Ahmedabad,State,2025-03-23,26,9924.531726272575,381.71275870279135,2026-01-02,Snapchat,38,Gold,14886.797589408863,277,not_responded
CUST_267,27,Prefer not to say,Chennai,State,2025-03-11,23,8194.4543770024,356.28062508706086,2026-01-10,Instagram,47,Bronze,12291.681565503599,269,partial
CUST_268,19,Female,Hyderabad,State,2025-11-07,34,3629.295134978666,106.74397455819606,2026-03-16,Snapchat,99,Gold,5443.942702467999,204,responded
CUST_269,23,Female,Pune,State,2025-01-01,31,9055.664550615886,292.11821131018985,2025-03-27,Snapchat,99,Gold,13583.496825923829,558,partial
CUST_270,34,Prefer not to say,Mumbai,State,2025-03-23,9,6316.569941845742,701.8411046495269,2025-06-20,YouTube,38,Gold,9474.854912768613,473,not_responded
CUST_271,19,Male,Delhi,State,2025-02-07,37,30183.92586053187,815.7817800143748,2025-12-04,Google Ads,55,Gold,45275.888790797806,306,responded
CUST_272,34,Non-binary,Bangalore,State,2025-08-31,13,1951.493886029231,150.11491430994084,2026-02-14,YouTube,68,Platinum,2927.240829043846,234,responded
CUST_273,24,Female,Delhi,State,2025-05-20,36,10826.9962755355,300.7498965426528,2025-06-27,YouTube,18,Silver,16240.494413303251,466,partial
CUST_274,29,Prefer not to say,Pune,State,2025-04-22,8,6312.425831370108,789.0532289212636,2026-03-19,Snapchat,42,Bronze,9468.638747055164,201,partial
CUST_275,31,Prefer not to say,Kolkata,State,2025-10-14,28,25812.356426109225,921.8698723610438,2026-01-03,Twitter,18,Bronze,38718.53463916384,276,not_responded
CUST_276,28,Prefer not to say,Delhi,State,2025-08-09,14,1641.8052877113932,117.27180626509951,2025-08-24,Snapchat,76,Gold,2462.70793156709,408,responded
CUST_277,18,Prefer not to say,Ahmedabad,State,2025-11-19,38,6741.4173146718185,177.4057188071531,2026-10-05,Twitter,77,Gold,10112.125972007729,1,responded
CUST_278,23,Non-binary,Mumbai,State,2025-06-23,46,14777.391609281167,321.24764368002536,2025-12-09,Influencer,85,Bronze,22166.08741392175,301,responded
CUST_279,21,Non-binary,Pune,State,2025-06-26,22,10682.230325279264,485.5559238763302,2026-04-16,Instagram,36,Gold,16023.345487918898,173,responded
CUST_280,22,Female,Bangalore,State,2025-09-06,50,6832.32648110671,136.6465296221342,2025-10-13,Instagram,64,Platinum,10248.489721660066,358,not_responded
CUST_281,29,Non-binary,Ahmedabad,State,2025-08-01,37,19823.153972831053,535.760918184623,2026-06-28,YouTube,65,Silver,29734.73095924658,100,not_responded
CUST_282,19,Female,Jaipur,State,2025-04-14,3,1114.860576877122,371.620192292374,2026-03-24,YouTube,26,Gold,1672.2908653156828,196,not_responded
CUST_283,20,Non-binary,Hyderabad,State,2025-04-17,25,8329.632944686577,333.1853177874631,2025-07-22,YouTube,74,Silver,12494.449417029864,441,not_responded
CUST_284,28,Male,Kolkata,State,2025-04-11,1,369.4795289476535,369.4795289476535,2025-12-23,Snapchat,1,Bronze,554.2192934214802,287,responded
CUST_285,25,Non-binary,Kolkata,State,2025-02-13,18,9544.809209220022,530.2671782900012,2025-11-13,YouTube,32,Platinum,14317.213813830032,327,not_responded
CUST_286,21,Non-binary,Mumbai,State,2025-03-24,28,12273.11354268722,438.32548366740076,2025-09-03,YouTube,23,Silver,18409.67031403083,398,not_responded
CUST_287,33,Prefer not to say,Jaipur,State,2025-03-28,24,5084.832635285234,211.86802647021807,2026-01-18,Snapchat,75,Bronze,7627.24895292785,261,responded
CUST_288,27,Female,Delhi,State,2025-11-15,21,13297.802916254976,633.228710297856,2026-11-11,Twitter,1,Gold,19946.70437438246,-36,partial
CUST_289,32,Prefer not to say,Jaipur,State,2025-08-09,22,21245.21680900561,965.6916731366186,2026-07-23,Instagram,2,Bronze,31867.82521350842,75,responded
CUST_290,31,Non-binary,Ahmedabad,State,2025-01-09,32,27733.459628568427,866.6706133927634,2025-05-03,Influencer,80,Platinum,41600.18944285264,521,not_responded
CUST_291,23,Prefer not to say,Delhi,State,2025-02-03,49,24530.532103465786,500.623104152363,2025-10-25,Facebook,85,Platinum,36795.79815519868,346,responded
CUST_292,18,Non-binary,Hyderabad,State,2025-08-30,13,6379.563724193105,490.73567109177736,2026-04-21,Influencer,18,Silver,9569.345586289659,168,not_responded
CUST_293,28,Prefer not to say,Mumbai,State,2025-09-07,4,3759.7927455183017,939.9481863795754,2026-05-05,Snapchat,88,Bronze,5639.6891182774525,154,responded
CUST_294,31,Prefer not to say,Bangalore,State,2025-02-06,28,17930.247417550265,640.3659791982237,2026-01-02,Twitter,81,Platinum,26895.371126325397,277,responded
CUST_295,32,Non-binary,Chennai,State,2025-08-08,30,28511.6215639115,950.3873854637167,2026-05-31,Instagram,86,Bronze,42767.43234586725,128,responded
CUST_296,27,Non-binary,Chennai,State,2025-03-22,14,11403.055729101101,814.5039806500787,2025-09-08,Influencer,56,Gold,17104.583593651652,393,responded
CUST_297,28,Prefer not to say,Delhi,State,2025-07-03,14,12166.807414647546,869.0576724748247,2025-11-09,Snapchat,39,Gold,18250.21112197132,331,partial
CUST_298,29,Male,Jaipur,State,2025-07-30,19,8450.096783773488,444.7419359880783,2026-01-04,Twitter,83,Bronze,12675.145175660233,275,partial
CUST_299,35,Prefer not to say,Delhi,State,2025-11-26,8,830.9275637722881,103.86594547153601,2026-11-04,Instagram,85,Silver,1246.391345658432,-29,not_responded
CUST_300,29,Prefer not to say,Hyderabad,State,2025-08-15,42,37289.19539213266,887.837985526968,2025-10-29,Twitter,33,Silver,55933.79308819899,342,not_responded
CUST_301,25,Female,Bangalore,State,2025-02-13,4,3273.803576838184,818.450894209546,2025-02-25,Influencer,45,Gold,4910.705365257276,588,responded
CUST_302,28,Male,Pune,State,2025-07-12,5,3717.5518172130573,743.5103634426115,2025-08-02,Influencer,93,Silver,5576.327725819586,430,responded
CUST_303,30,Female,Delhi,State,2025-01-27,14,3132.322079765279,223.73729141180564,2025-03-04,Influencer,14,Silver,4698.483119647918,581,not_responded
CUST_304,22,Female,Jaipur,State,2025-10-12,16,1775.3748248400893,110.96092655250558,2026-10-01,Twitter,78,Bronze,2663.0622372601338,5,not_responded
CUST_305,22,Male,Kolkata,State,2025-07-19,21,17233.123750371866,820.6249404938984,2025-12-05,YouTube,81,Bronze,25849.6856255578,305,not_responded
CUST_306,23,Female,Lucknow,State,2025-10-15,11,1405.216633669467,127.74696669722427,2026-07-26,Facebook,28,Silver,2107.8249505042004,72,not_responded
CUST_307,27,Female,Pune,State,2025-06-24,50,22860.05756829547,457.20115136590937,2026-05-22,Google Ads,60,Gold,34290.086352443206,137,responded
CUST_308,24,Female,Mumbai,State,2025-07-13,19,10800.392304503745,568.4417002370392,2025-12-25,Instagram,56,Platinum,16200.588456755617,285,partial
CUST_309,28,Female,Lucknow,State,2025-05-26,23,20481.076374202672,890.4815814870727,2026-04-14,Facebook,12,Silver,30721.614561304006,175,not_responded
CUST_310,29,Male,Pune,State,2025-10-28,48,12163.23812865523,253.40079434698396,2026-01-07,Google Ads,54,Bronze,18244.857192982847,272,responded
CUST_311,22,Male,Lucknow,State,2025-03-14,47,38152.94353123945,811.7647559838181,2026-02-14,Instagram,88,Bronze,57229.41529685917,234,partial
CUST_312,28,Female,Ahmedabad,State,2025-09-16,4,885.227457374036,221.306864343509,2025-11-16,Facebook,80,Gold,1327.841186061054,324,responded
CUST_313,35,Prefer not to say,Pune,State,2025-03-16,1,252.37722950362726,252.37722950362726,2026-01-01,Snapchat,26,Gold,378.5658442554409,278,partial
CUST_314,18,Prefer not to say,Pune,State,2025-07-18,27,22060.406668001844,817.0520988148832,2026-04-29,YouTube,41,Platinum,33090.610002002766,160,not_responded
CUST_315,30,Female,Delhi,State,2025-11-18,31,30472.889967016526,982.9964505489202,2025-11-29,Facebook,45,Platinum,45709.33495052479,311,responded
CUST_316,33,Non-binary,Mumbai,State,2025-05-11,48,6807.416621102177,141.82117960629535,2026-03-07,YouTube,72,Bronze,10211.124931653265,213,not_responded
CUST_317,31,Prefer not to say,Ahmedabad,State,2025-02-25,13,11247.774040710357,865.2133877469506,2025-11-26,YouTube,76,Platinum,16871.661061065537,314,partial
CUST_318,18,Male,Lucknow,State,2025-07-31,36,32135.55809016424,892.6543913934511,2025-11-21,Instagram,84,Bronze,48203.33713524636,319,not_responded
CUST_319,24,Prefer not to say,Ahmedabad,State,2025-07-13,38,25216.365880777255,663.5885758099278,2026-03-07,Instagram,40,Silver,37824.54882116588,213,partial
