campaign_id,campaign_name,channel,date,impressions,reach,clicks,engagement,conversions,spend,revenue,ctr,engagement_rate,conversion_rate,cpc,cpa,roas
CMP_001,Coca-Cola Share a Coke Gen Z,Instagram,2026-01-01,,66520,3420,3876,2812,7752,2926516.000169667,0.03440193938418517,0.038988864635409855,0.8222222222222222,2.2666666666666666,2.7567567567567566,377.51754388153597
CMP_001,Coca-Cola Share a Coke Gen Z,YouTube,2026-01-02,,19187,2978,1718,792,4133,897964.0085669556,0.04127969837265393,0.023814144326467244,0.26595030221625254,1.387844190732035,5.218434343434343,217.26687843381455
CMP_001,Coca-Cola Share a Coke Gen Z,Facebook,2026-01-03,,58085,3676,1522,892,2267,1215348.399797248,0.04282585395405191,0.01773148795377231,0.2426550598476605,0.6167029379760609,2.541479820627803,536.1042786930957
CMP_001,Coca-Cola Share a Coke Gen Z,Google Ads,2026-01-04,,60191,3185,1890,2713,2468,1903740.8699613153,0.04107610363816918,0.02437483073034215,0.8518053375196233,0.7748822605965463,0.9096940656100257,771.3698824802736
CMP_001,Coca-Cola Share a Coke Gen Z,Twitter,2026-01-05,,35037,1553,1365,747,1357,943388.0159230664,0.02808673792342611,0.024686669198632737,0.48100450740502254,0.8737926593689633,1.8165997322623828,695.2011908055022
CMP_001,Coca-Cola Share a Coke Gen Z,Snapchat,2026-01-06,73641,60884,3462,3374,2412,-2435,1558289.858706746,0.04701185480914165,0.045816868320636604,0.6967071057192374,0.7033506643558637,1.0095356550580432,639.9547674360354
CMP_001,Coca-Cola Share a Coke Gen Z,Influencer,2026-01-07,71739,60600,5486,5835,2979,-8848,3068570.834652589,0.0764716541908864,0.08133651152093004,0.543018592781626,1.6128326649653664,2.9701242027526016,346.8095427952745
CMP_001,Coca-Cola Share a Coke Gen Z,Instagram,2026-01-08,61627,41243,3727,2493,1761,-6820,1808153.634721476,0.06047673909163191,0.04045304817693544,0.4724979876576335,1.8298899919506306,3.872799545712663,265.1251663814481
CMP_001,Coca-Cola Share a Coke Gen Z,YouTube,2026-01-09,140146,36357,3896,5500,1792,9919,1612019.8325241832,0.027799580437543703,0.039244787578667964,0.459958932238193,2.5459445585215605,5.53515625,162.51838214781563
CMP_001,Coca-Cola Share a Coke Gen Z,YouTube,2026-01-09,140146,36357,3896,5500,1792,9919,1612019.8325241832,0.027799580437543703,0.039244787578667964,0.459958932238193,2.5459445585215605,5.53515625,162.51838214781563
CMP_001,Coca-Cola Share a Coke Gen Z,Facebook,2026-01-10,42538,28794,1844,1228,849,2124,574371.1630486184,0.04334947576284734,0.02886830598523673,0.460412147505423,1.1518438177874186,2.501766784452297,270.41956829030994
CMP_001,Coca-Cola Share a Coke Gen Z,Facebook,2026-01-10,42538,28794,1844,1228,849,2124,574371.1630486184,0.04334947576284734,0.02886830598523673,0.460412147505423,1.1518438177874186,2.501766784452297,270.41956829030994
CMP_001,Coca-Cola Share a Coke Gen Z,Google Ads,2026-01-11,70714,62938,1987,1919,2993,3211,3202077.837200319,1.5,0.027137483383771248,1.5062908907901358,1.6160040261701056,1.0728366187771468,997.2213756463154
CMP_001,Coca-Cola Share a Coke Gen Z,Twitter,2026-01-12,12373,10889,659,218,145,2246,153430.80461219786,1.5,0.01761900913278914,0.22003034901365706,3.4081942336874054,15.489655172413793,68.31291389679335
CMP_001,Coca-Cola Share a Coke Gen Z,Snapchat,2026-01-13,48852,38680,1713,3234,890,3198,720707.0871668512,1.5,0.06619995087202162,0.5195563339171045,1.8669001751313485,3.593258426966292,225.36181587456258
CMP_001,Coca-Cola Share a Coke Gen Z,Influencer,2026-01-14,66509,57880,3255,5283,2382,12199,3554695.906310343,1.5,0.07943285871085116,0.7317972350230415,3.747772657450077,5.121326616288833,291.3924015337604
CMP_001,Coca-Cola Share a Coke Gen Z,Insta,2026-01-15,43129,35562,3136,2520,1088,3553,906528.9563924243,0.07271209626933155,0.05842936307356999,0.3469387755102041,1.1329719387755102,3.265625,255.1446542055796
CMP_001,Coca-Cola Share a Coke Gen Z,YT,2026-01-16,176404,25093,8306,6802,1864,9364,1517731.7364755108,0.04708510011110859,0.03855921634430058,0.22441608475800626,1.1273777991813148,5.023605150214593,162.0815609222032
CMP_001,Coca-Cola Share a Coke Gen Z,FB,2026-01-17,32374,23654,878,451,685,1903,919870.0025052648,0.027120528819422993,0.013930932229566937,0.7801822323462415,2.1674259681093395,2.778102189781022,483.3788767762821
CMP_001,Coca-Cola Share a Coke Gen Z,Google Ads,2026-12-01,77261,67123,5807,1790,3925,5206,4497986.186563764,0.07516081852422309,0.023168222000750704,0.6759083864301705,0.896504219045979,1.3263694267515924,864.0004200084064
CMP_001,Coca-Cola Share a Coke Gen Z,Twitter,2026-12-01,96591,86909,3189,2165,1365,986,1379629.8652222895,0.03301549833835451,0.02241409655143854,0.4280338664158043,0.30918783317654436,0.7223443223443223,1399.2189302457298
CMP_001,Coca-Cola Share a Coke Gen Z,Snapchat,2026-01-20,66843,43529,4375,2728,1358,3091,,0.06545187977798722,0.04081205212213695,0.3104,0.7065142857142858,2.276141384388807,294.5154081147753
CMP_001,Coca-Cola Share a Coke Gen Z,Influencer,2026-01-21,82782,67347,4207,5591,2199,13857,,0.050820226619313374,0.06753883694522964,0.5227002614689803,3.2937960541953886,6.30150068212824,181.97638423863825
CMP_001,Coca-Cola Share a Coke Gen Z,Instagram,2026-01-22,96112,61319,4496,5058,1488,5982,,0.04677875811553188,0.052626102879973366,0.3309608540925267,1.3305160142348755,4.020161290322581,206.7589234789624
CMP_001,Coca-Cola Share a Coke Gen Z,YouTube,2026-01-23,154271,51145,5886,3349,2615,8339,,0.038153638726656336,0.021708551834110103,0.44427454977913694,1.4167516139993204,3.1889101338432124,341.1861310071274
CMP_001,Coca-Cola Share a Coke Gen Z,Facebook,2026-01-24,26327,21516,1566,358,452,3749,,0.059482660386675275,0.013598207163748243,0.2886334610472541,2.393997445721584,8.294247787610619,170.29909457243738
CMP_001,Coca-Cola Share a Coke Gen Z,Google Ads,2026-01-25,0,15844,556,661,930,5430,652425.6284832549,0.021463866584311302,0.02551729462631254,1.6726618705035972,9.766187050359711,5.838709677419355,120.15204944443
CMP_001,Coca-Cola Share a Coke Gen Z,Twitter,2026-01-26,0,53515,2364,1259,1089,833,967034.0363176151,0.031994369857080984,0.017039302728453876,0.4606598984771574,0.3523688663282572,0.7649219467401286,1160.9052056634034
CMP_001,Coca-Cola Share a Coke Gen Z,Snapchat,2026-01-27,0,8761,709,740,267,2784,318504.5332588222,0.057764379990223234,0.06029004399543751,0.3765867418899859,3.926657263751763,10.426966292134832,114.40536395791028
CMP_001,Coca-Cola Share a Coke Gen Z,Influencer,2026-01-28,74866,52059,2402,6443,2404,7216,1956835.1363310071,0.03208399006224454,0.08606042796463013,1.0008326394671108,3.004163197335554,3.0016638935108153,271.18003552258966
CMP_001,Coca-Cola Share a Coke Gen Z,Instagram,2026-01-29,58899,48614,1312,2113,1286,2588,1024645.0669371295,0.022275420635324877,0.03587497241039746,0.9801829268292683,1.9725609756097562,2.0124416796267495,395.9215869154287
CMP_001,Coca-Cola Share a Coke Gen Z,YouTube,2026-01-30,191003,51252,10217,6267,2233,3781,1151836.9378634244,0.0534913064192709,0.03281100296853976,0.21855730645003427,0.37006949202309875,1.6932377966860725,304.638174520874
CMP_001,Coca-Cola Share a Coke Gen Z,Facebook,2026-01-31,74273,52368,1601,1997,1404,4778,704462.7757575645,0.021555612402892034,0.02688729417150243,0.876951905059338,2.984384759525297,3.403133903133903,147.4388396311353
CMP_001,Coca-Cola Share a Coke Gen Z,Google Ads,2026-02-01,21302,13317,1596,434,1160,6153,1252561.7514414056,0.07492254248427378,0.02037367383344287,0.7268170426065163,3.8552631578947367,5.304310344827586,203.5692753845938
CMP_001,Coca-Cola Share a Coke Gen Z,Twitter,2026-02-02,85303,66704,2139,2058,863,1199,646207.4089958786,0.02507531974256474,0.024125763454978136,0.40345956054230947,0.5605423094904161,1.3893395133256083,538.9553035828847
CMP_001,Coca-Cola Share a Coke Gen Z,Snapchat,2026-02-03,83689,51231,2710,4783,2779,1920,1606400.7731152922,0.032381794501069434,0.05715207494413842,1.0254612546125461,0.7084870848708487,0.6908960057574667,836.6670693308813
CMP_001,Coca-Cola Share a Coke Gen Z,Influencer,2026-02-04,59166,45562,2703,3259,1666,11843,1789025.3484587907,0.04568502180306257,0.05508231078660041,0.6163522012578616,4.381428042915279,7.108643457382954,151.06183808653134
CMP_001,Coca-Cola Share a Coke Gen Z,Instagram,2026-02-05,59126,36483,2805,3415,1188,2222,1234673.4592769914,0.047441058079355954,0.05775800832121233,0.4235294117647059,0.792156862745098,1.8703703703703705,555.6586225368999
CMP_001,Coca-Cola Share a Coke Gen Z,YouTube,2026-02-06,190644,73569,3998,6160,3183,8912,3492962.6070456724,0.020971024527391368,0.032311533538952185,0.7961480740370185,2.2291145572786393,2.7998743323908264,391.9392512394157
CMP_001,Coca-Cola Share a Coke Gen Z,Facebook,2026-02-07,99094,74106,5674,1591,2345,4998,3139610.407546862,0.05725876440551396,0.016055462490160856,0.4132886852308777,0.8808600634473035,2.1313432835820896,628.1733508497123
CMP_001,Coca-Cola Share a Coke Gen Z,Google Ads,2026-02-08,77819,63696,5748,1759,2822,2939,3598658.5231811595,0.0738637093768874,0.022603734306531825,0.4909533750869868,0.5113082811412665,1.0414599574769667,1224.4499908748417
CMP_001,Coca-Cola Share a Coke Gen Z,Twitter,2026-02-09,83370,50288,2086,1434,592,1186,873966.626225893,0.025020990764063812,0.017200431810003598,0.2837967401725791,0.5685522531160115,2.0033783783783785,736.9027202579199
CMP_001,Coca-Cola Share a Coke Gen Z,Snapchat,2026-02-10,92839,64734,6735,4977,2721,1657,1574141.9463038247,0.07254494339663288,0.053608935899783494,0.40400890868596884,0.24602821083890125,0.6089672914369717,949.995139591928
CMP_001,Coca-Cola Share a Coke Gen Z,Influencer,2026-02-11,55000,35718,3815,3648,2680,7053,2034381.403004636,0.06936363636363636,0.06632727272727272,0.7024901703800787,1.8487549148099607,2.631716417910448,288.4419967396336
CMP_001,Coca-Cola Share a Coke Gen Z,Instagram,2026-02-12,88248,53465,3107,4686,1443,6176,1580297.4611957867,0.035207596772731393,0.05310035354908893,0.46443514644351463,1.9877695526231092,4.27997227997228,255.8771795977634
CMP_001,Coca-Cola Share a Coke Gen Z,YouTube,2026-02-13,112302,24563,7868,2411,2189,7652,1549647.8101445108,0.07006108528788445,0.02146889636872006,0.27821555668530756,0.9725470259278088,3.495660118775697,202.51539599379387
CMP_001,Coca-Cola Share a Coke Gen Z,Facebook,2026-02-14,39432,24548,2468,1036,636,3450,432125.49700555584,0.06258876039764658,0.02627307770338811,0.2576985413290113,1.3978930307941653,5.4245283018867925,125.2537672479872
CMP_001,Coca-Cola Share a Coke Gen Z,Google Ads,2026-02-15,33646,27265,1547,1064,1116,6777,1211027.9998452335,0.04597871961005766,0.03162337276347857,0.7213962508080155,4.380736910148675,6.07258064516129,178.696768458792
CMP_001,Coca-Cola Share a Coke Gen Z,Twitter,2026-02-16,51845,35253,2793,836,575,2480,570572.3033974993,0.05387211881570065,0.016124987944835568,0.2058718224131758,0.8879341210168278,4.3130434782608695,230.069477176411
CMP_001,Coca-Cola Share a Coke Gen Z,Snapchat,2026-02-17,95426,59932,6497,6116,3109,3906,3617848.340150437,0.06808416993272273,0.06409154737702513,0.4785285516392181,0.6012005541018932,1.2563525249276295,926.2284536995486
CMP_001,Coca-Cola Share a Coke Gen Z,Influencer,2026-02-18,76164,62947,2945,5576,2991,14670,3527236.581969145,0.038666561630166484,0.07321044062811827,1.0156196943972835,4.981324278438031,4.904714142427282,240.43875814377267
CMP_001,Coca-Cola Share a Coke Gen Z,Instagram,2026-02-19,73503,49702,1615,4107,2202,2215,2581442.617724049,0.021971892303715494,0.05587527039712665,1.3634674922600618,1.3715170278637772,1.0059037238873751,1165.4368477309476
CMP_001,Coca-Cola Share a Coke Gen Z,YouTube,2026-02-20,146722,52923,10927,3358,2880,9469,1677461.2646152058,0.07447417565191314,0.022886819972464934,0.26356731033220465,0.8665690491443214,3.287847222222222,177.15294800033857
CMP_001,Coca-Cola Share a Coke Gen Z,Facebook,2026-02-21,21837,15154,1364,640,503,3829,668159.9130021228,0.062462792508128404,0.029308055135778725,0.3687683284457478,2.807184750733138,7.612326043737575,174.49984669681973
CMP_001,Coca-Cola Share a Coke Gen Z,Google Ads,2026-02-22,59804,43902,3711,2223,2938,6439,2287045.602882769,0.06205270550464852,0.03717142666042405,0.7917003503098895,1.7351118296955,2.191626957113683,355.18645797216476
CMP_001,Coca-Cola Share a Coke Gen Z,Twitter,2026-02-23,32411,25191,1991,984,269,2173,286904.28572404134,0.061429761500725065,0.030360062941593904,0.13510798593671522,1.0914113510798593,8.078066914498141,132.0314246314042
CMP_001,Coca-Cola Share a Coke Gen Z,Snapchat,2026-02-24,94305,74173,6817,5590,2889,1743,4309849.895715017,0.07228672922962727,0.059275754201792055,0.423793457532639,0.2556843186152266,0.6033229491173416,2472.6620170482024
CMP_001,Coca-Cola Share a Coke Gen Z,Influencer,2026-02-25,79677,62073,5583,4309,2102,14870,1448360.618119706,0.07007040927745774,0.054080851437679635,0.3765000895575855,2.6634425935876767,7.074215033301617,97.40152105714229
CMP_001,Coca-Cola Share a Coke Gen Z,Instagram,2026-02-26,64176,51886,1964,3487,1355,2666,1424738.4898762892,0.030603340812764897,0.05433495387683869,0.689918533604888,1.3574338085539714,1.9675276752767528,534.4105363376929
CMP_001,Coca-Cola Share a Coke Gen Z,YouTube,2026-02-27,156913,38499,11286,5770,2782,3881,2971649.0896236855,0.0719252069618196,0.036771969180373835,0.24650008860535177,0.34387737019315967,1.395039539899353,765.6915974294474
CMP_001,Coca-Cola Share a Coke Gen Z,Facebook,2026-02-28,87886,66015,3268,1247,1819,3698,1307007.984095885,0.03718453451061603,0.014188835536945589,0.556609547123623,1.131578947368421,2.0329851566794943,353.43644783555567
CMP_001,Coca-Cola Share a Coke Gen Z,Google Ads,2026-03-01,78118,54360,3144,2011,2561,2821,2918960.9748018794,0.0402468061138278,0.025743106582349778,0.8145674300254453,0.897264631043257,1.101522842639594,1034.725620277164
CMP_001,Coca-Cola Share a Coke Gen Z,Twitter,2026-03-02,59617,44236,4563,1280,544,1569,567323.8192113133,0.07653857121290907,0.021470385963735177,0.11921981152750384,0.3438527284681131,2.8841911764705883,361.5830587707542
CMP_001,Coca-Cola Share a Coke Gen Z,Snapchat,2026-03-03,76617,66882,6089,4379,2280,3624,2848852.5505050016,0.07947322395812939,0.0571544174269418,0.3744457217933979,0.595171620955822,1.5894736842105264,786.1072159230137
CMP_001,Coca-Cola Share a Coke Gen Z,Influencer,2026-03-04,40690,34062,2777,2118,1865,10701,2238326.249870992,0.06824772671418039,0.05205210125337921,0.6715880446525027,3.853438962909615,5.737801608579089,209.1698205654604
CMP_001,Coca-Cola Share a Coke Gen Z,Instagram,2026-03-05,39587,32459,864,1600,746,3349,1036466.6868501467,0.0218253467047263,0.04041730871245611,0.8634259259259259,3.8761574074074074,4.489276139410188,309.4854245596138
CMP_001,Coca-Cola Share a Coke Gen Z,YouTube,2026-03-06,187500,24275,9575,7219,2819,5271,1523427.975418217,0.05106666666666667,0.03850133333333333,0.29441253263707573,0.5504960835509138,1.8698119900673997,289.02067452441986
CMP_001,Coca-Cola Share a Coke Gen Z,Facebook,2026-03-07,24379,21894,1659,494,466,2857,252759.60299809542,0.06805037122113294,0.020263341400385576,0.2808921036769138,1.7221217600964436,6.130901287553648,88.47028456356158
CMP_001,Coca-Cola Share a Coke Gen Z,Google Ads,2026-03-08,42250,28627,3106,1385,1272,3282,940054.2882634181,0.07351479289940828,0.032781065088757395,0.4095299420476497,1.0566645202833227,2.580188679245283,286.42726638129744
CMP_001,Coca-Cola Share a Coke Gen Z,Twitter,2026-03-09,91564,74251,5771,3577,748,1681,758806.9051247365,0.06302695382464724,0.03906557162203486,0.12961358516721538,0.291284006238087,2.2473262032085564,451.4020851426154
CMP_001,Coca-Cola Share a Coke Gen Z,Snapchat,2026-03-10,39047,28712,2324,1890,1121,3846,1650442.3381634478,0.05951801674904602,0.04840320639229646,0.4823580034423408,1.6549053356282273,3.430865298840321,429.1321732094248
CMP_001,Coca-Cola Share a Coke Gen Z,Influencer,2026-03-11,87030,76862,3234,7208,4079,14567,3606999.7949480335,0.03715960013788349,0.08282201539698954,1.2612863327149042,4.504329004329004,3.57121843589115,247.61445698826344
CMP_001,Coca-Cola Share a Coke Gen Z,Instagram,2026-03-12,78630,58961,2529,2701,2213,5689,2483603.4952763664,0.032163296451735976,0.03435075670863538,0.8750494266508502,2.2495057334914987,2.570718481699051,436.562400294668
CMP_001,Coca-Cola Share a Coke Gen Z,YouTube,2026-03-13,107296,59801,5501,3640,1125,4714,1474964.3989924714,0.0512693856248136,0.03392484342379958,0.20450827122341392,0.8569351027085984,4.190222222222222,312.8901991922935
CMP_001,Coca-Cola Share a Coke Gen Z,Facebook,2026-03-14,52925,41356,3098,1363,808,3234,586596.2877088706,0.05853566367501181,0.025753424657534246,0.26081342801807617,1.0438992898644286,4.002475247524752,181.38413349068355
CMP_001,Coca-Cola Share a Coke Gen Z,Google Ads,2026-03-15,80080,59496,5715,2452,4351,3336,4503833.6369472295,0.07136613386613387,0.030619380619380618,0.7613298337707787,0.5837270341207349,0.7667202941852448,1350.070035056124
CMP_001,Coca-Cola Share a Coke Gen Z,Twitter,2026-03-16,94579,57335,2710,2719,1257,2020,1128122.165944855,0.02865329512893983,0.028748453673648484,0.46383763837638375,0.7453874538745388,1.6070007955449483,558.4763197746806
CMP_001,Coca-Cola Share a Coke Gen Z,Snapchat,2026-03-17,48310,34006,1878,2232,1436,2878,1077227.4427503825,0.03887393914303457,0.046201614572552265,0.7646432374866879,1.5324813631522898,2.0041782729805013,374.2972351460676
CMP_001,Coca-Cola Share a Coke Gen Z,Influencer,2026-03-18,75459,61859,4562,4978,2972,7149,3529534.612469568,0.060456671835036245,0.06596959938509654,0.6514686540990794,1.5670758439281016,2.405450874831763,493.7102549265027
CMP_001,Coca-Cola Share a Coke Gen Z,Instagram,2026-03-19,94909,71356,5478,3033,1936,4317,1119539.332084279,0.05771844609046561,0.031956927161807626,0.3534136546184739,0.7880613362541073,2.2298553719008263,259.33271533108154
CMP_001,Coca-Cola Share a Coke Gen Z,YouTube,2026-03-20,139956,56675,3748,3993,2582,8127,1703605.3220596395,0.026779845094172455,0.028530395267083942,0.6889007470651014,2.1683564567769475,3.1475600309837337,209.62290169307732
CMP_001,Coca-Cola Share a Coke Gen Z,Facebook,2026-03-21,28364,17382,1585,356,297,1927,387854.3335213994,0.055880693837258494,0.01255112113947257,0.18738170347003155,1.2157728706624606,6.488215488215488,201.27365517457156
CMP_001,Coca-Cola Share a Coke Gen Z,Google Ads,2026-03-22,70836,62151,1820,2091,4199,4572,2981957.0440109917,0.025693150375515273,0.029518888700660682,2.307142857142857,2.512087912087912,1.088830673969993,652.2215756804444
CMP_001,Coca-Cola Share a Coke Gen Z,Twitter,2026-03-23,67130,59712,1642,879,645,2459,520889.0293476004,0.024460002979293908,0.013093996722776701,0.3928136419001218,1.497563946406821,3.8124031007751937,211.82961746547394
CMP_001,Coca-Cola Share a Coke Gen Z,Snapchat,2026-03-24,72603,47888,3799,4663,2106,1427,2969333.026597151,0.05232566147404377,0.06422599617095712,0.5543564095814688,0.37562516451697814,0.6775878442545109,2080.8220228431333
CMP_001,Coca-Cola Share a Coke Gen Z,Influencer,2026-03-25,60486,47778,4779,4648,1908,7535,1291682.191512093,0.07901001884733658,0.07684422841649308,0.3992467043314501,1.5766896840343168,3.94916142557652,171.42431207857902
CMP_001,Coca-Cola Share a Coke Gen Z,Instagram,2026-03-26,52496,37018,2187,2769,1138,7717,1467368.1248626772,0.041660316976531546,0.05274687595245352,0.5203475080018289,3.528577960676726,6.781195079086116,190.14748281232048
CMP_001,Coca-Cola Share a Coke Gen Z,YouTube,2026-03-27,160291,29256,11654,5965,2070,5279,2558093.1965432423,0.07270526729510703,0.03721356782352097,0.1776214175390424,0.45297751844860135,2.5502415458937198,484.57912417943595
CMP_001,Coca-Cola Share a Coke Gen Z,Facebook,2026-03-28,37440,28237,772,699,546,2753,444413.3918255564,0.02061965811965812,0.018669871794871794,0.7072538860103627,3.566062176165803,5.042124542124542,161.42876564676948
CMP_001,Coca-Cola Share a Coke Gen Z,Google Ads,2026-03-29,31048,20541,1689,1086,1063,5540,745294.6896098221,0.05439963926822984,0.034978098428240144,0.6293664890467733,3.280047365304914,5.211665098777046,134.52972736639387
CMP_001,Coca-Cola Share a Coke Gen Z,Twitter,2026-03-30,52757,40451,1134,965,681,2894,762451.6678350414,0.02149477794415907,0.018291411566237654,0.6005291005291006,2.5520282186948853,4.249632892804699,263.4594567501871
CMP_001,Coca-Cola Share a Coke Gen Z,Snapchat,2026-03-31,70222,49650,2055,4419,2061,3683,2912974.2330842973,0.02926433311497821,0.06292899661074877,1.0029197080291972,1.792214111922141,1.78699660359049,790.9243098246802
CMP_001,Coca-Cola Share a Coke Gen Z,Influencer,2026-01-01,24786,18122,865,1745,847,7188,1139771.1972602096,0.034898733155813766,0.07040264665536997,0.9791907514450867,8.309826589595376,8.48642266824085,158.56583156096406
CMP_001,Coca-Cola Share a Coke Gen Z,Instagram,2026-01-02,23143,14353,1837,1294,403,7998,486603.7893812335,0.0793760532342393,0.055913235103487016,0.21937942297223734,4.353837778987479,19.846153846153847,60.84068384361509
CMP_001,Coca-Cola Share a Coke Gen Z,YouTube,2026-01-03,137225,17994,5607,4552,1544,7304,1367035.5450614612,0.040859901621424666,0.03317179814173802,0.2753700731228821,1.302657392545033,4.730569948186528,187.1625883161913
CMP_001,Coca-Cola Share a Coke Gen Z,Facebook,2026-01-04,25011,17680,1584,421,617,3892,546665.3124391269,0.06333213386110112,0.016832593658790133,0.38952020202020204,2.457070707070707,6.307941653160454,140.45871337079313
CMP_001,Coca-Cola Share a Coke Gen Z,Google Ads,2026-01-05,36960,30815,1268,873,1233,5266,1348705.1936817032,0.03430735930735931,0.02362012987012987,0.972397476340694,4.152996845425868,4.27088402270884,256.1156843299854
CMP_001,Coca-Cola Share a Coke Gen Z,Twitter,2026-01-06,19219,15759,970,450,136,1748,203357.0448423464,0.050470888183568346,0.023414329569696656,0.1402061855670103,1.8020618556701031,12.852941176470589,116.33698217525537
CMP_001,Coca-Cola Share a Coke Gen Z,Snapchat,2026-01-07,84408,72228,2572,5271,1881,3959,2805114.4632414402,0.03047104539854042,0.06244668751777083,0.7313374805598756,1.5392690513219285,2.1047315257841572,708.5411627283254
CMP_001,Coca-Cola Share a Coke Gen Z,Influencer,2026-01-08,84952,67222,1744,5118,3223,6587,1959522.2263127428,0.020529240041435165,0.06024578585554195,1.8480504587155964,3.7769495412844036,2.043748060812907,297.4832588906547
CMP_001,Coca-Cola Share a Coke Gen Z,Instagram,2026-01-09,45607,31840,2453,2292,775,3565,505590.19498958165,0.05378560308724538,0.050255443243361765,0.31593966571545046,1.453322462291072,4.6,141.82053155387985
CMP_001,Coca-Cola Share a Coke Gen Z,YouTube,2026-01-10,124770,10934,8197,4186,2268,5378,1141404.6640647524,0.06569688226336459,0.03354973150597099,0.2766865926558497,0.6560936928144443,2.371252204585538,212.23589885919532
CMP_001,Coca-Cola Share a Coke Gen Z,Facebook,2026-01-11,13697,10205,816,197,291,2270,336828.4417264135,0.05957508943564284,0.014382711542673577,0.35661764705882354,2.781862745098039,7.8006872852233675,148.38257344775926
CMP_001,Coca-Cola Share a Coke Gen Z,Google Ads,2026-01-12,74868,50095,4421,2621,2828,2488,3815719.950017916,0.05905059571512529,0.03500828124165197,0.6396742818366885,0.5627686043881475,0.8797736916548797,1533.6494975956255
CMP_001,Coca-Cola Share a Coke Gen Z,Twitter,2026-01-13,44139,28612,2845,1437,284,1382,224594.06770458285,0.06445547021908063,0.032556242778495205,0.09982425307557118,0.4857644991212654,4.866197183098592,162.513797181319
CMP_001,Coca-Cola Share a Coke Gen Z,Snapchat,2026-01-14,63465,55717,2698,4155,2122,3103,2365041.749497277,0.042511620578271486,0.06546915622784212,0.7865085248332098,1.1501111934766495,1.4622997172478793,762.1791007081139
CMP_001,Coca-Cola Share a Coke Gen Z,Influencer,2026-01-15,38827,28819,2201,2253,857,8338,878219.0061456002,0.05668735673629176,0.05802663095268756,0.3893684688777828,3.7882780554293505,9.72928821470245,105.32729745089952
CMP_001,Coca-Cola Share a Coke Gen Z,Instagram,2026-01-16,98798,82646,5526,5612,1690,6024,847520.1995492617,0.055932306321990324,0.05680276928682767,0.3058269996380746,1.0901194353963084,3.5644970414201183,140.69060417484425
CMP_001,Coca-Cola Share a Coke Gen Z,YouTube,2026-01-17,60363,37123,4373,1623,939,9219,662631.6212062463,0.07244504083627387,0.026887331643556483,0.21472673222044364,2.108163731991768,9.817891373801917,71.87673513464001
CMP_001,Coca-Cola Share a Coke Gen Z,Facebook,2026-01-18,14559,10468,828,281,231,3722,184867.8754389909,0.05687203791469194,0.019300776152208255,0.27898550724637683,4.495169082125604,16.11255411255411,49.6689616977407
CMP_001,Coca-Cola Share a Coke Gen Z,Google Ads,2026-01-19,94237,64978,4553,2908,3436,6498,4273958.492095274,0.04831435635684497,0.030858367732419324,0.7546672523610806,1.4271908631671426,1.8911525029103609,657.7344555394388
CMP_001,Coca-Cola Share a Coke Gen Z,Twitter,2026-01-20,19504,11773,598,410,101,1401,90909.85055039403,0.030660377358490566,0.021021328958162427,0.1688963210702341,2.342809364548495,13.871287128712872,64.88925806594862
CMP_001,Coca-Cola Share a Coke Gen Z,Snapchat,2026-01-21,66586,45205,2347,3595,1522,1394,995568.5926481674,0.03524764965608386,0.05399032829723966,0.6484874307626758,0.593949723050703,0.9159001314060446,714.1811998910813
CMP_001,Coca-Cola Share a Coke Gen Z,Influencer,2026-01-22,15252,13358,789,1012,513,13629,619786.7538824615,0.0517309205350118,0.06635195384211906,0.6501901140684411,17.273764258555133,26.567251461988302,45.47558543418163
CMP_001,Coca-Cola Share a Coke Gen Z,Instagram,2026-01-23,54050,48146,2117,2693,1293,6168,1800337.7299058337,0.039167437557816834,0.04982423681776133,0.6107699574870099,2.913556920170052,4.770301624129931,291.8835489471196
CMP_001,Coca-Cola Share a Coke Gen Z,YouTube,2026-01-24,82328,57964,4251,2095,1300,7067,1947209.7766053407,0.05163492371975512,0.02544699251773394,0.3058103975535168,1.6624323688543872,5.436153846153847,275.5355563330042
CMP_001,Coca-Cola Share a Coke Gen Z,Facebook,2026-01-25,64654,44962,3077,1238,1292,3902,1590163.31672915,0.04759179633124014,0.019148080551860673,0.4198895027624309,1.268118297042574,3.0201238390092877,407.5251964964505
CMP_001,Coca-Cola Share a Coke Gen Z,Google Ads,2026-01-26,86839,60747,1814,2788,3959,3304,4606715.1433431385,0.02088923179677334,0.03210539043517314,2.1824696802646084,1.8213891951488423,0.8345541803485729,1394.2842443532502
CMP_001,Coca-Cola Share a Coke Gen Z,Twitter,2026-01-27,14599,12913,1048,516,95,830,133653.64679403673,0.0717857387492294,0.035344886636070966,0.09064885496183206,0.7919847328244275,8.736842105263158,161.02849011329727
CMP_001,Coca-Cola Share a Coke Gen Z,Snapchat,2026-01-28,87005,61141,5343,5294,2946,3182,4098669.3985384493,0.0614102637779438,0.06084707775415206,0.5513756316676025,0.5955455736477634,1.0801086218601494,1288.0796349900847
CMP_001,Coca-Cola Share a Coke Gen Z,Influencer,2026-01-29,49594,38497,3847,2821,1706,8613,2149716.1841624826,0.07756986732266,0.05688188087268621,0.443462438263582,2.2388874447621525,5.048651817116061,249.58971138540377
CMP_001,Coca-Cola Share a Coke Gen Z,Instagram,2026-01-30,55661,37911,1934,3320,1218,6301,1000701.8468407721,0.034746051993316686,0.0596467903918363,0.6297828335056876,3.2580144777662876,5.1732348111658455,158.81635404551216
CMP_001,Coca-Cola Share a Coke Gen Z,YouTube,2026-01-31,181044,18644,11075,6082,2391,7858,3042431.0720587694,0.06117297452552971,0.03359404343695455,0.21589164785553047,0.7095259593679458,3.286491007946466,387.17626266973394
CMP_001,Coca-Cola Share a Coke Gen Z,Facebook,2026-02-01,13295,9111,384,258,174,2197,156208.08741876623,0.028883038736367054,0.019405791650996616,0.453125,5.721354166666667,12.626436781609195,71.10063150603834
CMP_001,Coca-Cola Share a Coke Gen Z,Google Ads,2026-02-02,29669,20411,2014,637,1547,2724,915053.4814938115,0.06788230139202535,0.021470221443257272,0.7681231380337636,1.35253227408143,1.7608274078862314,335.92271714163417
CMP_001,Coca-Cola Share a Coke Gen Z,Twitter,2026-02-03,34357,29292,2737,807,193,2501,282661.78038311633,0.07966353290450272,0.02348866315452455,0.07051516258677384,0.9137742053343076,12.958549222797927,113.01950435150593
CMP_001,Coca-Cola Share a Coke Gen Z,Snapchat,2026-02-04,81983,54088,5406,3410,2546,3145,3374646.2850167626,0.06594049985972701,0.04159398899771904,0.47095819459859417,0.5817610062893082,1.2352710133542812,1073.0194864918165
CMP_001,Coca-Cola Share a Coke Gen Z,Influencer,2026-02-05,15248,9861,354,821,663,10218,414081.18238343176,0.023216159496327386,0.05384312696747114,1.8728813559322033,28.864406779661017,15.411764705882353,40.52468020977019
CMP_001,Coca-Cola Share a Coke Gen Z,Instagram,2026-02-06,55738,39579,1703,2719,1144,3882,813707.8242022467,0.03055366177473178,0.04878180056693818,0.6717557251908397,2.2795067527891955,3.3933566433566433,209.6104647610115
CMP_001,Coca-Cola Share a Coke Gen Z,YouTube,2026-02-07,127737,38585,7011,3132,2044,9099,2659423.0609088303,0.05488621151271754,0.024519129148171635,0.2915418627870489,1.2978177150192554,4.451565557729941,292.27641069445326
CMP_001,Coca-Cola Share a Coke Gen Z,Facebook,2026-02-08,83101,65766,4883,890,1534,2008,965737.7833330447,0.05875982238480885,0.010709859087134932,0.3141511365963547,0.4112226090518124,1.3089960886571057,480.94511122163584
CMP_001,Coca-Cola Share a Coke Gen Z,Google Ads,2026-02-09,96951,62129,5118,2859,4152,3162,6200123.515856911,0.05278955348578148,0.029489123371600087,0.8112543962485346,0.6178194607268465,0.7615606936416185,1960.8233762988334
CMP_001,Coca-Cola Share a Coke Gen Z,Twitter,2026-02-10,11774,9090,885,383,62,1549,81970.29058994775,0.07516561916086292,0.03252930185153729,0.07005649717514124,1.7502824858757062,24.983870967741936,52.918199218817136
CMP_001,Coca-Cola Share a Coke Gen Z,Snapchat,2026-02-11,82939,60508,5195,4734,1723,3866,2170830.621954407,0.06263639542314231,0.05707809353862477,0.331665062560154,0.7441770933589991,2.24376088218224,561.5185261134006
CMP_001,Coca-Cola Share a Coke Gen Z,Influencer,2026-02-12,59688,50245,1871,4086,1504,8890,1730577.3151099852,0.031346334271545366,0.06845597104945718,0.8038482095136291,4.751469802244789,5.910904255319149,194.66561474802984
CMP_001,Coca-Cola Share a Coke Gen Z,Instagram,2026-02-13,99506,77821,3908,4574,2399,3756,2011933.5995394997,0.03927401362731896,0.045967077362169116,0.6138689866939611,0.9611054247697032,1.5656523551479784,535.6585728273428
CMP_001,Coca-Cola Share a Coke Gen Z,YouTube,2026-02-14,112152,33860,3369,3499,1549,5138,1143349.1290026489,0.03003958912903916,0.031198730294600185,0.4597803502523004,1.525081626595429,3.31697869593286,222.52805157700445
CMP_001,Coca-Cola Share a Coke Gen Z,Facebook,2026-02-15,34949,25281,1950,1010,636,3426,772211.2239928088,0.055795587856591035,0.02889925319751638,0.3261538461538461,1.756923076923077,5.386792452830188,225.3973216558111
CMP_001,Coca-Cola Share a Coke Gen Z,Google Ads,2026-02-16,75163,65319,2320,1923,4459,5632,4346818.553454621,0.03086625068185144,0.025584396578103588,1.9219827586206897,2.4275862068965517,1.2630634671450998,771.807271565096
CMP_001,Coca-Cola Share a Coke Gen Z,Twitter,2026-02-17,50917,45787,4049,1672,681,1262,829978.425356439,0.07952157432684565,0.03283775556297504,0.16818967646332428,0.31168189676463326,1.8531571218795888,657.6691167642147
CMP_001,Coca-Cola Share a Coke Gen Z,Snapchat,2026-02-18,18154,15056,821,752,282,3908,364602.0411988494,0.04522419301531343,0.04142337776798502,0.34348355663824603,4.760048721071864,13.858156028368795,93.2963257929502
CMP_001,Coca-Cola Share a Coke Gen Z,Influencer,2026-02-19,30882,25304,2285,3050,875,13622,1252002.2817209216,0.07399132180558254,0.09876303348228742,0.38293216630196936,5.961487964989059,15.568,91.9103128557423
CMP_001,Coca-Cola Share a Coke Gen Z,Instagram,2026-02-20,85757,58683,5031,3021,1921,7520,2474731.521616288,0.05866576489382791,0.03522744498991336,0.38183263764659114,1.4947326575233553,3.9146277980218636,329.08663851280426
CMP_001,Coca-Cola Share a Coke Gen Z,YouTube,2026-02-21,102840,60050,5392,3543,1891,9075,1820139.2646514415,0.05243096071567484,0.034451575262543756,0.3507047477744807,1.6830489614243322,4.7990481226864095,200.5663101544288
CMP_001,Coca-Cola Share a Coke Gen Z,Facebook,2026-02-22,49441,44093,1624,613,875,2043,478383.5301044532,0.032847232054367834,0.01239861653283712,0.5387931034482759,1.2580049261083743,2.334857142857143,234.1573813531342
CMP_001,Coca-Cola Share a Coke Gen Z,Google Ads,2026-02-23,78100,49461,4475,2161,2852,5004,3437949.0501049897,0.057298335467349554,0.0276696542893726,0.6373184357541899,1.1182122905027934,1.7545582047685835,687.040177878695
CMP_001,Coca-Cola Share a Coke Gen Z,Twitter,2026-02-24,12966,8940,802,236,88,2739,68792.4912128864,0.06185407990128027,0.018201449946012648,0.10972568578553615,3.415211970074813,31.125,25.115915010181233
CMP_001,Coca-Cola Share a Coke Gen Z,Snapchat,2026-02-25,50135,44389,2873,2842,985,2193,1048064.0209281363,0.05730527575546026,0.056686945247830856,0.342847198050818,0.7633136094674556,2.2263959390862946,477.9133702362683
CMP_001,Coca-Cola Share a Coke Gen Z,Influencer,2026-02-26,23029,17492,1151,1410,690,8208,467084.9368114437,0.049980459420730386,0.061227148378131924,0.5994787141615986,7.131190269331016,11.895652173913044,56.906059553051136
CMP_001,Coca-Cola Share a Coke Gen Z,Instagram,2026-02-27,99344,85347,7117,5912,1689,6905,1683985.2569197398,0.07163995812530198,0.05951038814623933,0.23731909512435015,0.970212168048335,4.088217880402605,243.87911034319185
CMP_001,Coca-Cola Share a Coke Gen Z,YouTube,2026-02-28,126606,39943,7450,4908,1969,6651,2094868.901954189,0.058843972639527356,0.03876593526373158,0.26429530201342283,0.892751677852349,3.3778567800914168,314.97051600574184
CMP_001,Coca-Cola Share a Coke Gen Z,Facebook,2026-03-01,27200,20751,1773,591,399,3520,549522.1622786246,0.06518382352941177,0.02172794117647059,0.22504230118443316,1.985335589396503,8.822055137844611,156.11425064733655
CMP_001,Coca-Cola Share a Coke Gen Z,Google Ads,2026-03-02,18976,11825,1452,702,852,6857,450974.7178657301,0.0765177065767285,0.03699409780775717,0.5867768595041323,4.722451790633609,8.0481220657277,65.76851653284675
CMP_001,Coca-Cola Share a Coke Gen Z,Twitter,2026-03-03,92688,77428,6049,1063,1222,1675,920270.3887777707,0.06526195408251338,0.01146858277231141,0.20201686229128782,0.27690527359894196,1.3707037643207856,549.4151574792661
CMP_001,Coca-Cola Share a Coke Gen Z,Snapchat,2026-03-04,24619,21067,1414,1515,450,2650,268547.16825755936,0.0574353141882286,0.06153783663024493,0.31824611032531824,1.874115983026874,5.888888888888889,101.33855405945636
CMP_001,Coca-Cola Share a Coke Gen Z,Influencer,2026-03-05,74256,51222,5139,3961,1542,6186,910546.3811408138,0.0692065287653523,0.05334249084249084,0.30005837711617045,1.2037361354349094,4.011673151750973,147.19469465580565
CMP_001,Coca-Cola Share a Coke Gen Z,Instagram,2026-03-06,15143,13619,472,879,445,5906,535530.3312798603,0.031169517268705014,0.05804662220167734,0.9427966101694916,12.51271186440678,13.271910112359551,90.6756402437962
CMP_001,Coca-Cola Share a Coke Gen Z,YouTube,2026-03-07,97585,46921,6184,3059,1131,6318,1249398.2824448873,0.06337039504022135,0.03134703079366706,0.18289133247089262,1.0216688227684347,5.586206896551724,197.75218145693057
CMP_001,Coca-Cola Share a Coke Gen Z,Facebook,2026-03-08,86968,77367,6334,2088,981,4547,1145080.5579279317,0.07283138625701407,0.024008830834329867,0.15487843384906852,0.7178718029681086,4.63506625891947,251.8320998302027
CMP_001,Coca-Cola Share a Coke Gen Z,Google Ads,2026-03-09,97674,73448,6677,2833,5399,6615,5517897.023923586,0.06836005487642566,0.02900464811515859,0.8085966751535121,0.9907143926913284,1.225226893869235,834.1492099657727
CMP_001,Coca-Cola Share a Coke Gen Z,Twitter,2026-03-10,23491,20650,839,372,178,2614,245671.75441248497,0.03571580605338215,0.01583585202843642,0.21215733015494637,3.1156138259833135,14.685393258426966,93.98307360844872
CMP_001,Coca-Cola Share a Coke Gen Z,Snapchat,2026-03-11,28878,17889,1949,1606,697,1339,846326.8971363906,0.06749082346422883,0.055613269617009485,0.35761929194458697,0.6870189840944074,1.921090387374462,632.0589224319571
CMP_001,Coca-Cola Share a Coke Gen Z,Influencer,2026-03-12,71365,46469,1688,6473,2434,6581,3489639.0480404715,0.023653051215581866,0.09070272542562881,1.4419431279620853,3.898696682464455,2.7037797863599016,530.259694277537
CMP_001,Coca-Cola Share a Coke Gen Z,Instagram,2026-03-13,62925,41756,2237,2391,1396,6749,1270906.388178384,0.0355502582439412,0.03799761620977354,0.6240500670540903,3.016987036209209,4.834527220630372,188.31032570430938
CMP_001,Coca-Cola Share a Coke Gen Z,YouTube,2026-03-14,182091,33728,8371,5773,3106,9548,2865307.459527912,0.04597151973463817,0.031703928255652394,0.3710428861545813,1.1406044678055192,3.074050225370251,300.09504184414664
CMP_001,Coca-Cola Share a Coke Gen Z,Facebook,2026-03-15,10714,6506,759,158,134,4653,132689.83193650996,0.07084188911704312,0.014747059921597909,0.17654808959156784,6.130434782608695,34.723880597014926,28.517049631745103
CMP_001,Coca-Cola Share a Coke Gen Z,Google Ads,2026-03-16,15105,9794,524,461,862,3806,1261503.6796269221,0.03469049983449189,0.030519695465077788,1.6450381679389312,7.263358778625954,4.4153132250580045,331.4513083623022
CMP_001,Coca-Cola Share a Coke Gen Z,Twitter,2026-03-17,17358,14438,1123,485,169,2295,214704.36348540024,0.064696393593732,0.0279410070284595,0.15048975957257346,2.043633125556545,13.579881656804734,93.55309955790861
CMP_001,Coca-Cola Share a Coke Gen Z,Snapchat,2026-03-18,20344,16256,721,894,658,3170,866618.1322282361,0.03544042469524184,0.04394416044042469,0.912621359223301,4.396671289875173,4.817629179331307,273.38111426758235
CMP_001,Coca-Cola Share a Coke Gen Z,Influencer,2026-03-19,22150,17961,985,2161,739,11203,929717.1134645316,0.04446952595936795,0.09756207674943566,0.750253807106599,11.373604060913706,15.159675236806494,82.98822756980556
CMP_001,Coca-Cola Share a Coke Gen Z,Instagram,2026-03-20,63093,43087,2007,3652,1165,3275,781198.5770274821,0.03181018496505159,0.05788280791846956,0.580468360737419,1.6317887394120578,2.811158798283262,238.53391664961285
CMP_001,Coca-Cola Share a Coke Gen Z,YouTube,2026-03-21,188250,28104,12474,5087,2328,4399,2212109.684051107,0.06626294820717131,0.02702257636122178,0.18662818662818662,0.35265351932018596,1.8896048109965635,502.86648875906053
CMP_001,Coca-Cola Share a Coke Gen Z,Facebook,2026-03-22,95538,79561,4455,2619,1435,2604,2098962.2898006616,0.04663066005149783,0.02741317590906236,0.3221099887766554,0.5845117845117845,1.8146341463414635,806.0531066822817
CMP_001,Coca-Cola Share a Coke Gen Z,Google Ads,2026-03-23,37640,23732,2229,794,2165,2554,2121981.2203084603,0.05921891604675877,0.021094580233793837,0.9712875729026469,1.145805293853746,1.179676674364896,830.8462099876508
CMP_001,Coca-Cola Share a Coke Gen Z,Twitter,2026-03-24,55987,40799,2312,2147,800,2625,864395.1302991966,0.04129530069480415,0.038348187972207834,0.3460207612456747,1.1353806228373702,3.28125,329.2933829711225
CMP_001,Coca-Cola Share a Coke Gen Z,Snapchat,2026-03-25,33113,27100,1218,1697,677,3919,373027.9436285625,0.03678313653247969,0.05124875426569625,0.5558292282430214,3.2175697865353037,5.788774002954209,95.18447145408587
CMP_001,Coca-Cola Share a Coke Gen Z,Influencer,2026-03-26,59834,44848,2917,3367,2725,13641,3214183.720237587,0.048751545943777785,0.05627235351138149,0.9341789509770312,4.676379842303737,5.005871559633028,235.62669307511086
CMP_001,Coca-Cola Share a Coke Gen Z,Instagram,2026-03-27,52182,43746,2305,2680,989,4275,1066509.728511939,0.04417231995707332,0.05135870606722625,0.4290672451193059,1.8546637744034706,4.3225480283114255,249.4759598858337
CMP_001,Coca-Cola Share a Coke Gen Z,YouTube,2026-03-28,152702,42029,8739,5893,1832,8190,1934920.037948337,0.057229112912731986,0.03859150502285497,0.20963496967616432,0.937178166838311,4.470524017467249,236.2539728874648
CMP_001,Coca-Cola Share a Coke Gen Z,Facebook,2026-03-29,95660,63742,6883,1845,2018,4494,2828601.141884155,0.07195274932051014,0.019287058331591053,0.2931861107075403,0.652912973993898,2.2269573835480676,629.41725453586
CMP_001,Coca-Cola Share a Coke Gen Z,Google Ads,2026-03-30,79096,68372,5997,2143,2834,6155,1554296.2128526876,0.07581925761100435,0.027093658339233335,0.47256961814240456,1.0263465065866266,2.1718419195483416,252.52578600368605
CMP_001,Coca-Cola Share a Coke Gen Z,Twitter,2026-03-31,80080,57713,5701,1448,531,2759,353079.574226759,0.07119130869130869,0.018081918081918082,0.09314155411331346,0.48395018417821434,5.195856873822976,127.97374926667598
CMP_001,Coca-Cola Share a Coke Gen Z,Snapchat,2026-01-01,27705,18593,1314,1376,419,3137,539748.4243398196,0.04742826204656199,0.04966612524815015,0.3188736681887367,2.387366818873668,7.486873508353222,172.05879003500783
CMP_001,Coca-Cola Share a Coke Gen Z,Influencer,2026-01-02,52958,35464,1706,3999,2603,11542,2574964.4060678743,0.032214207485176935,0.07551267041806715,1.5257913247362251,6.765533411488863,4.434114483288513,223.09516600830656
CMP_001,Coca-Cola Share a Coke Gen Z,Instagram,2026-01-03,59659,38580,3638,2293,1613,7152,1799953.349955377,0.06097990244556563,0.03843510618682847,0.4433754810335349,1.965915338097856,4.433973961562306,251.67132969174733
CMP_001,Coca-Cola Share a Coke Gen Z,YouTube,2026-01-04,105507,75893,7457,2977,1103,9318,576969.7511804036,0.07067777493436454,0.028216137317903078,0.14791471100978945,1.2495641678959366,8.447869446962828,61.919913198154504
CMP_001,Coca-Cola Share a Coke Gen Z,Facebook,2026-01-05,38813,26667,1014,853,698,3909,650726.3621758278,0.026125267307345476,0.021977172596810347,0.6883629191321499,3.8550295857988166,5.600286532951289,166.4687547136935
CMP_001,Coca-Cola Share a Coke Gen Z,Google Ads,2026-01-06,41991,34498,1847,1413,1874,5895,2620732.786246531,0.0439856159653259,0.03365006787168679,1.0146182999458582,3.191662154845696,3.1456776947705443,444.568750847588
CMP_001,Coca-Cola Share a Coke Gen Z,Twitter,2026-01-07,65866,55490,2094,1957,535,1563,717580.2222650509,0.03179181975526068,0.029711839188655755,0.25549188156638014,0.7464183381088825,2.9214953271028037,459.1044288324062
CMP_001,Coca-Cola Share a Coke Gen Z,Snapchat,2026-01-08,45973,29920,1254,2337,1398,3900,1690406.7199058093,0.027276879907771952,0.050834185282665915,1.1148325358851674,3.110047846889952,2.7896995708154506,433.43762048866904
CMP_001,Coca-Cola Share a Coke Gen Z,Influencer,2026-01-09,96623,67643,6552,6150,2483,5369,1274089.9578178856,0.06780994173229976,0.063649441644329,0.37896825396825395,0.8194444444444444,2.162303664921466,237.30489063473377
CMP_001,Coca-Cola Share a Coke Gen Z,Instagram,2026-01-10,81712,64542,1964,4353,2156,6197,1786642.7623144477,0.02403563736048561,0.0532724691599765,1.0977596741344195,3.155295315682281,2.87430426716141,288.3076911916165
CMP_001,Coca-Cola Share a Coke Gen Z,YouTube,2026-01-11,175250,12447,10896,4690,2555,4625,3416953.197925394,0.06217403708987161,0.026761768901569186,0.23448972099853158,0.4244676945668135,1.8101761252446185,738.8006914433284
CMP_001,Coca-Cola Share a Coke Gen Z,Facebook,2026-01-12,82133,69956,4745,2237,947,3984,1284890.886064305,0.057772150049310265,0.027236311835681152,0.19957850368809274,0.8396206533192835,4.206969376979937,322.51277260650227
CMP_001,Coca-Cola Share a Coke Gen Z,Google Ads,2026-01-13,45774,38490,2968,1503,1907,3410,2283962.56159188,0.06484030235504872,0.03283523397561935,0.6425202156334232,1.148921832884097,1.7881489250131095,669.7837424023108
CMP_001,Coca-Cola Share a Coke Gen Z,Twitter,2026-01-14,53002,35974,3595,978,507,1325,463655.6656869725,0.06782762914606996,0.018452133881740312,0.14102920723226703,0.36856745479833103,2.613412228796844,349.92880429205474
CMP_001,Coca-Cola Share a Coke Gen Z,Snapchat,2026-01-15,24555,18016,1565,1346,747,3586,987860.0428359826,0.06373447363062512,0.05481571981266545,0.4773162939297125,2.291373801916933,4.800535475234271,275.4768663792478
CMP_001,Coca-Cola Share a Coke Gen Z,Influencer,2026-01-16,96980,68263,2999,7792,2324,12228,3026097.58062979,0.030923901835429986,0.08034646318828624,0.7749249749916639,4.077359119706569,5.261617900172117,247.47281490266522
CMP_001,Coca-Cola Share a Coke Gen Z,Instagram,2026-01-17,67527,48115,4884,2479,1928,7286,1516417.0565956172,0.07232662490559331,0.03671124142935418,0.39475839475839475,1.4918099918099919,3.779045643153527,208.12751257145447
CMP_001,Coca-Cola Share a Coke Gen Z,YouTube,2026-01-18,132347,13761,3231,4974,1799,9272,2211845.3883063365,0.024413095876748246,0.03758302039335988,0.556793562364593,2.8696997833488083,5.153974430239022,238.5510556844625
CMP_001,Coca-Cola Share a Coke Gen Z,Facebook,2026-01-19,52485,41759,3903,1139,1088,4320,585816.2531289948,0.07436410402972278,0.021701438506239876,0.2787599282603126,1.1068408916218293,3.9705882352941178,135.60561415023028
CMP_001,Coca-Cola Share a Coke Gen Z,Google Ads,2026-01-20,31266,26448,1163,673,1332,4386,1113212.3004832377,0.037196955158958614,0.02152497921064415,1.1453138435081684,3.77128116938951,3.2927927927927927,253.810374027186
CMP_001,Coca-Cola Share a Coke Gen Z,Twitter,2026-01-21,79579,57373,5987,2217,906,2346,1332486.7529165368,0.07523341585091545,0.027859108558790636,0.15132787706697845,0.3918490061800568,2.589403973509934,567.9824181229909
CMP_001,Coca-Cola Share a Coke Gen Z,Snapchat,2026-01-22,16980,12528,1223,1140,458,2430,668298.4733634787,0.07202591283863369,0.06713780918727916,0.3744889615699101,1.9869174161896974,5.3056768558951966,275.0199478862052
CMP_001,Coca-Cola Share a Coke Gen Z,Influencer,2026-01-23,78681,56891,2565,4854,2795,7705,1638139.727756507,0.03259999237427079,0.06169214931177794,1.0896686159844056,3.003898635477583,2.7567084078711988,212.60736246028642
CMP_001,Coca-Cola Share a Coke Gen Z,Instagram,2026-01-24,62888,51022,4186,3681,1551,3184,1094327.5651044582,0.06656277827248441,0.05853262943645847,0.3705207835642618,0.7606306736741519,2.052869116698904,343.6958433117017
CMP_001,Coca-Cola Share a Coke Gen Z,YouTube,2026-01-25,56381,41839,2064,2185,755,9894,401843.3591545768,0.036608077189124,0.03875419024139338,0.36579457364341084,4.7936046511627906,13.104635761589403,40.61485336108518
CMP_001,Coca-Cola Share a Coke Gen Z,Facebook,2026-01-26,66064,45382,5075,887,860,1519,1040797.2504989558,0.076819447808186,0.013426374424800193,0.16945812807881774,0.2993103448275862,1.7662790697674418,685.1858133633679
CMP_001,Coca-Cola Share a Coke Gen Z,Google Ads,2026-01-27,20203,16494,1348,589,632,6805,736889.719847085,0.06672276394594862,0.0291540860268277,0.4688427299703264,5.048219584569733,10.76740506329114,108.28651283572152
CMP_001,Coca-Cola Share a Coke Gen Z,Twitter,2026-01-28,12506,9868,778,410,173,2097,130126.32035598335,0.062210139133216054,0.03278426355349432,0.22236503856041132,2.6953727506426737,12.121387283236995,62.05356240151805
CMP_001,Coca-Cola Share a Coke Gen Z,Snapchat,2026-01-29,78142,51787,2325,4815,1594,2163,1334383.360448695,0.029753525632822297,0.06161859179442553,0.6855913978494623,0.9303225806451613,1.3569636135508156,616.9132503230213
CMP_001,Coca-Cola Share a Coke Gen Z,Influencer,2026-01-30,68718,57565,4991,3486,2253,13542,2492362.8445805744,0.07263016967897785,0.05072906662009954,0.45141254257663793,2.7132839110398717,6.010652463382157,184.04687967660422
